group,episode,path,length,duration_s_at20hz,action_finite_ratio,action_abs_mean,action_step_delta_mean,action_step_delta_p95,action_step_delta_max,action_j0_range,action_j1_range,action_j2_range,action_j3_range,action_j4_range,action_j5_range,action_j6_range,qpos_finite_ratio,qpos_step_delta_mean,qpos_step_delta_p95,qpos_step_delta_max,qpos_j0_range,qpos_j1_range,qpos_j2_range,qpos_j3_range,qpos_j4_range,qpos_j5_range,qpos_j6_range,action_qpos_abs_err_mean,action_qpos_abs_err_p95,eef_finite_ratio,eef_xyz_path_m,eef_xyz_step_mean_m,eef_xyz_step_p95_m,eef_xyz_step_max_m,eef_xyz_displacement_m,eef_x_range,eef_x_start,eef_x_end,eef_y_range,eef_y_start,eef_y_end,eef_z_range,eef_z_start,eef_z_end,eef_rx_range,eef_rx_start,eef_rx_end,eef_ry_range,eef_ry_start,eef_ry_end,eef_rz_range,eef_rz_start,eef_rz_end,ft_finite_ratio,ft_force_norm_mean,ft_force_norm_p95,ft_force_norm_max,ft_fz_mean,ft_fz_min,ft_fz_max,ft_torque_norm_mean,ft_torque_norm_max,joint_current_abs_mean,joint_current_abs_max,left_force6d_norm_mean,left_force6d_norm_p95,left_force6d_norm_max,left_force6d_fz_mean,left_force6d_fz_min,left_force6d_fz_max,left_force6d_torque_norm_mean,left_force6d_torque_norm_max,left_marker_norm_mean,left_marker_norm_p95,left_marker_norm_max,right_force6d_norm_mean,right_force6d_norm_p95,right_force6d_norm_max,right_force6d_fz_mean,right_force6d_fz_min,right_force6d_fz_max,right_force6d_torque_norm_mean,right_force6d_torque_norm_max,right_marker_norm_mean,right_marker_norm_p95,right_marker_norm_max,observations_images_global_sample_mean,observations_images_global_sample_std,observations_images_wrist_sample_mean,observations_images_wrist_sample_std
huaping_main,1,/media/chenshuai/czy_data22/pih_dataset/260630_v8j_huaping/peg_in_hole_0630/episode_1.hdf5,518,25.9,1.0,38.41446304321289,1.104713797569275,1.19710214138031,204.90933227539062,146.06980895996094,49.73387145996094,144.64154052734375,87.78102111816406,4.67649507522583,47.61701965332031,9.048309326171875,1.0,0.2996385395526886,0.5947786331176758,1.1429524421691895,7.630999565124512,49.472999572753906,5.054999828338623,88.09700012207031,2.417999744415283,47.875003814697266,7.9120025634765625,8.224018096923828,34.145337295532215,1.0,0.38023096323013306,0.0007354564149864018,0.0015904312254860996,0.0031104765366762877,0.2036576271057129,0.205284982919693,0.39034798741340637,0.18777500092983246,0.0527849979698658,-0.005193000193685293,-0.021310999989509583,0.09567500650882721,0.2883470058441162,0.27489998936653137,0.04500007629394531,3.140000104904175,3.135999917984009,0.044999998062849045,-0.007000000216066837,-0.032999999821186066,0.08000004291534424,1.9320000410079956,1.8530000448226929,1.0,12.475284576416016,16.509361839294435,18.3765869140625,10.223803520202637,0.5599450469017029,17.681047439575195,0.31339532136917114,1.7907369136810303,679.1389770507812,3926.0,1.9917267560958862,2.2351943254470816,5.087564468383789,1.7350236177444458,1.4583176374435425,3.1520187854766846,0.009338497184216976,0.04009393975138664,1.6731489896774292,2.402956640720368,4.673558235168457,134.3525390625,134.8357063293457,135.95045471191406,134.3108673095703,133.50962829589844,135.89215087890625,0.12404099106788635,0.1479833722114563,2.3731396198272705,3.8660226225852967,5.555409908294678,114.63573201497395,5.057611410888339,98.00652313232422,6.738962696497836
huaping_main,2,/media/chenshuai/czy_data22/pih_dataset/260630_v8j_huaping/peg_in_hole_0630/episode_2.hdf5,469,23.45,1.0,38.60207748413086,1.2241753339767456,1.9327937543392177,231.44015502929688,163.6650390625,51.01662063598633,163.62767028808594,89.67689514160156,2.510625123977661,48.453514099121094,6.22088623046875,1.0,0.3322148323059082,0.6512317478656768,1.2329866886138916,5.7129998207092285,51.21500015258789,2.4839999675750732,90.1300048828125,2.3369998931884766,48.71999740600586,6.372001647949219,9.10206413269043,39.92844772338867,1.0,0.382892906665802,0.0008181472076103091,0.0015487152268178759,0.0034084024373441935,0.20518113672733307,0.2154190093278885,0.3903360068798065,0.1853169947862625,0.03876100108027458,-0.005119000095874071,-0.0007600000244565308,0.0966389924287796,0.28839701414108276,0.2815049886703491,0.04400014877319336,3.140000104904175,3.13100004196167,0.032999999821186066,-0.006000000052154064,-0.012000000104308128,0.0419999361038208,1.9329999685287476,1.9040000438690186,1.0,12.658971786499023,16.945098876953125,20.12347984313965,9.016515731811523,-3.273195266723633,17.8851375579834,0.5199060440063477,3.1488473415374756,623.0353393554688,3858.0,1.9024322032928467,2.1393424987792966,2.5988175868988037,1.7147315740585327,1.5180860757827759,2.2161672115325928,0.008312545716762543,0.015744471922516823,1.5811229944229126,2.3123090267181396,2.951219081878662,134.74063110351562,135.55266418457032,136.31048583984375,134.6873016357422,133.90757751464844,136.1217041015625,0.12669140100479126,0.15575054287910461,2.51123046875,4.5377147674560545,6.052306652069092,114.23179372151692,4.643222300956446,97.60518137613933,6.301425634832006
huaping_main,3,/media/chenshuai/czy_data22/pih_dataset/260630_v8j_huaping/peg_in_hole_0630/episode_3.hdf5,439,21.95,1.0,39.17639923095703,1.2068336009979248,3.0370608210563628,210.68984985351562,155.59127807617188,49.19478225708008,155.1101531982422,86.50846862792969,5.28985595703125,47.733497619628906,8.944122314453125,1.0,0.33389708399772644,0.6511075347661972,0.956964373588562,7.420000076293945,49.04800033569336,4.0829997062683105,86.64199829101562,2.759000062942505,47.88199996948242,7.537994384765625,11.035812377929688,50.40374259948721,1.0,0.3556644320487976,0.000812019279692322,0.001566206401912495,0.002680454170331359,0.19861015677452087,0.20115399360656738,0.39035099744796753,0.192672997713089,0.05187799781560898,-0.005237999837845564,-0.011555000208318233,0.09507898986339569,0.28834500908851624,0.2701930105686188,0.0279998779296875,3.140000104904175,3.128000020980835,0.038999997079372406,-0.006000000052154064,-0.004999999888241291,0.046000003814697266,1.9320000410079956,1.8869999647140503,1.0,12.853363990783691,16.41845417022705,19.803142547607422,10.927629470825195,2.0800535678863525,19.301956176757812,0.23309260606765747,0.9123890995979309,659.8242797851562,3840.0,1.9145159721374512,2.115456652641296,2.68190336227417,1.728866696357727,1.584322452545166,2.1788668632507324,0.00797954574227333,0.020709531381726265,1.5641541481018066,2.28300015926361,2.7788727283477783,134.34475708007812,134.83478088378905,135.1549530029297,134.3031768798828,133.5133514404297,135.11968994140625,0.1234845370054245,0.13745009899139404,2.356719970703125,3.8488337993621826,4.526844024658203,114.18500518798828,4.658741502207121,96.6451187133789,7.252327333427512
huaping_main,4,/media/chenshuai/czy_data22/pih_dataset/260630_v8j_huaping/peg_in_hole_0630/episode_4.hdf5,501,25.05,1.0,38.65726852416992,1.0937697887420654,2.165360248088836,215.87347412109375,158.14187622070312,49.30966567993164,158.00840759277344,85.40380096435547,5.574002265930176,46.88385772705078,8.023017883300781,1.0,0.28940075635910034,0.533347862958908,0.836449384689331,5.960000038146973,49.23899841308594,4.228000164031982,85.58799743652344,3.4200000762939453,47.11499786376953,6.553001403808594,9.557746887207031,48.98577117919922,1.0,0.3585517704486847,0.0007171035395003855,0.0013571881339885287,0.0020650215446949005,0.20314325392246246,0.20128901302814484,0.39036399126052856,0.18910999596118927,0.05109400302171707,-0.00519599998369813,-0.016801999881863594,0.09528300166130066,0.2883720099925995,0.2632859945297241,0.032000064849853516,3.140000104904175,3.131999969482422,0.05400000140070915,-0.007000000216066837,0.0,0.0559999942779541,1.9329999685287476,1.878999948501587,1.0,12.8512544631958,16.055063247680664,17.261798858642578,10.219948768615723,-2.596799850463867,16.365184783935547,0.2942171096801758,2.5183966159820557,666.4308471679688,3866.0,1.6983087062835693,1.8525687456130981,2.645209550857544,1.451014757156372,1.2335822582244873,1.8785279989242554,0.012803703546524048,0.02814876101911068,1.409183144569397,2.0923094749450684,3.0266363620758057,143.11390686035156,143.55133056640625,143.8177947998047,143.0861358642578,142.10104370117188,143.79522705078125,0.12898914515972137,0.16245156526565552,2.1180386543273926,3.105637311935425,4.697730541229248,114.31805165608723,4.588574197827182,97.45168050130208,8.16370866352849
huaping_main,5,/media/chenshuai/czy_data22/pih_dataset/260630_v8j_huaping/peg_in_hole_0630/episode_5.hdf5,516,25.8,1.0,38.6150016784668,1.14755380153656,2.1650982856750427,239.38043212890625,169.32168579101562,50.782222747802734,169.20248413085938,89.4291763305664,4.115812301635742,49.52769470214844,7.498039245605469,1.0,0.32778552174568176,0.6590763330459585,1.1147798299789429,6.0320000648498535,50.76199722290039,2.9110000133514404,89.73500061035156,3.361999988555908,49.86900329589844,7.64599609375,9.26472282409668,33.66600227355957,1.0,0.3898327350616455,0.000756956753320992,0.0014629924553446467,0.002352805808186531,0.20608042180538177,0.2052999883890152,0.3903529942035675,0.18520499765872955,0.040651001036167145,-0.0052089998498559,-0.002420000033453107,0.09659600257873535,0.28835898637771606,0.26897698640823364,0.042999982833862305,3.140000104904175,3.121999979019165,0.05199999734759331,-0.006000000052154064,-0.020999999716877937,0.05799996852874756,1.9329999685287476,1.8949999809265137,1.0,12.895293235778809,16.36722230911255,19.014360427856445,10.491256713867188,1.872677206993103,18.496166229248047,0.32970482110977173,1.6242833137512207,659.8565673828125,3957.0,1.7258479595184326,1.8438422083854675,1.9728429317474365,1.4855924844741821,1.3786447048187256,1.70669424533844,0.012805703096091747,0.01924760825932026,1.436312198638916,2.1499128341674805,2.9781606197357178,143.9727783203125,144.3552360534668,144.587158203125,143.94317626953125,143.27911376953125,144.5615692138672,0.13176269829273224,0.15168124437332153,2.188952922821045,3.1820106506347656,4.112020969390869,112.85773213704427,4.225470630910582,97.89095052083333,6.023413054999179
huaping_main,6,/media/chenshuai/czy_data22/pih_dataset/260630_v8j_huaping/peg_in_hole_0630/episode_6.hdf5,516,25.8,1.0,38.608978271484375,1.1193597316741943,1.9053654670715214,237.31512451171875,167.8188018798828,50.05868911743164,167.78411865234375,87.38152313232422,4.576992988586426,46.72391128540039,8.837196350097656,1.0,0.3051593601703644,0.5581327140331268,0.8586156964302063,5.447000026702881,50.08100128173828,4.126999855041504,87.60600280761719,4.632999897003174,46.99800109863281,7.424003601074219,10.065411567687988,42.18046188354492,1.0,0.3772786259651184,0.0007325798505917192,0.0013072518398985265,0.002078854478895664,0.20047108829021454,0.20489901304244995,0.39036300778388977,0.19039499759674072,0.039236001670360565,-0.005216000135987997,-0.00824199989438057,0.09388801455497742,0.2882609963417053,0.2743940055370331,0.03899979591369629,3.1410000324249268,3.11299991607666,0.06700000166893005,-0.007000000216066837,-0.035999998450279236,0.031999945640563965,1.9329999685287476,1.9079999923706055,1.0,13.123406410217285,16.433133602142334,17.812774658203125,11.085090637207031,-1.6407191753387451,17.071361541748047,0.26693692803382874,1.5435712337493896,681.677490234375,3990.0,1.7327501773834229,2.2771878838539124,2.8924219608306885,1.423510193824768,1.1726410388946533,2.117461681365967,0.013242511078715324,0.03272275999188423,1.4715133905410767,2.211315631866455,3.1661174297332764,144.12161254882812,144.56165313720703,144.9506072998047,144.09458923339844,143.1254119873047,144.89425659179688,0.1338099092245102,0.15935952961444855,2.1792144775390625,3.1516467332839966,4.7741312980651855,112.65417734781902,4.445926747449656,97.47222900390625,5.770665434707646
huaping_main,7,/media/chenshuai/czy_data22/pih_dataset/260630_v8j_huaping/peg_in_hole_0630/episode_7.hdf5,388,19.4,1.0,37.930171966552734,1.5271064043045044,1.5898123860359188,222.67466735839844,157.56158447265625,51.77756118774414,157.33480834960938,91.66506958007812,5.130965232849121,50.79615020751953,8.848899841308594,1.0,0.398654043674469,0.6953106105327607,1.1094295978546143,6.3460001945495605,51.667999267578125,4.151000022888184,91.88300323486328,3.419999837875366,50.986995697021484,8.019004821777344,7.921652793884277,28.43087873458862,1.0,0.3606768250465393,0.000931981485337019,0.0016853168723173439,0.0026300756726413965,0.20621129870414734,0.21199698746204376,0.3903859853744507,0.1856130063533783,0.041221000254154205,-0.005218000151216984,-0.013826999813318253,0.09661200642585754,0.2884739935398102,0.26573601365089417,0.06700015068054199,3.140000104904175,3.0889999866485596,0.053999997675418854,-0.006000000052154064,-0.026000000536441803,0.0549999475479126,1.9329999685287476,1.8819999694824219,1.0,12.765628814697266,16.390991497039796,22.105018615722656,10.339683532714844,0.4382299780845642,21.705883026123047,0.307029128074646,2.392428159713745,659.518798828125,3825.0,1.7297711372375488,1.8689147055149078,2.7291088104248047,1.4930788278579712,1.3262982368469238,1.8574199676513672,0.012632611207664013,0.027244193479418755,1.4721596240997314,2.1920626282691957,2.9552342891693115,144.58865356445312,144.9826904296875,145.35311889648438,144.55984497070312,143.68370056152344,145.3126678466797,0.13460655510425568,0.1514061689376831,2.1755425930023193,3.179918313026428,4.19314432144165,112.41475423177083,4.359246888403292,97.14469401041667,5.941576566682872
huaping_main,8,/media/chenshuai/czy_data22/pih_dataset/260630_v8j_huaping/peg_in_hole_0630/episode_8.hdf5,386,19.3,1.0,38.177738189697266,1.6019458770751953,2.699312782287564,235.469482421875,166.57345581054688,50.461830139160156,166.4195556640625,88.3769760131836,3.7771668434143066,47.64967346191406,10.101032257080078,1.0,0.38239586353302,0.7345402121543881,1.3596214056015015,6.554999828338623,50.183998107910156,3.6490001678466797,88.63999938964844,2.5980000495910645,47.77099609375,8.837997436523438,8.209076881408691,29.973353385925293,1.0,0.3578451871871948,0.0009294680203311145,0.00191910401917994,0.0040215798653662205,0.2037409245967865,0.20385700464248657,0.3904010057449341,0.18846599757671356,0.04422600194811821,-0.005222000181674957,-0.01107299979776144,0.09299501776695251,0.2881790101528168,0.26175200939178467,0.05299997329711914,3.140000104904175,3.0929999351501465,0.04699999839067459,-0.007000000216066837,-0.03799999877810478,0.046000003814697266,1.9329999685287476,1.8890000581741333,1.0,12.22530746459961,16.471654891967773,20.234708786010742,10.230721473693848,0.343304842710495,19.715593338012695,0.2778814733028412,1.1954400539398193,655.300537109375,3736.0,1.843654990196228,2.3909290432929993,6.083019733428955,1.5159467458724976,1.18990957736969,3.5231473445892334,0.014251822605729103,0.053296785801649094,1.5551353693008423,2.38178813457489,5.712502956390381,144.08251953125,144.6153106689453,145.864990234375,144.0526123046875,143.00537109375,145.73345947265625,0.13520172238349915,0.16141226887702942,2.2090768814086914,3.2433741092681885,6.268661975860596,112.04053243001302,4.329137285991663,97.54227193196614,5.1395135804251915
huaping_main,9,/media/chenshuai/czy_data22/pih_dataset/260630_v8j_huaping/peg_in_hole_0630/episode_9.hdf5,417,20.85,1.0,39.27109909057617,1.4190542697906494,4.242585182189941,204.86380004882812,153.5068359375,49.36665725708008,151.83355712890625,86.36167907714844,3.886888027191162,47.77977752685547,11.986656188964844,1.0,0.3507736921310425,0.6757838428020477,1.2315396070480347,6.978000164031982,48.97200012207031,4.97599983215332,86.5009994506836,1.8580000400543213,47.8329963684082,10.501007080078125,12.616776466369629,63.87679901123045,1.0,0.35005176067352295,0.0008414705516770482,0.0016180836537387222,0.0030138851143419743,0.1977572739124298,0.19738800823688507,0.3903850018978119,0.19352300465106964,0.05326399952173233,-0.00521499989554286,-0.019088000059127808,0.09397898614406586,0.28818899393081665,0.27550700306892395,0.03900003433227539,3.140000104904175,3.119999885559082,0.04600000008940697,-0.007000000216066837,-0.024000000208616257,0.03799998760223389,1.9320000410079956,1.8949999809265137,1.0,12.897233009338379,16.615534210205077,19.970680236816406,11.024117469787598,3.2857506275177,19.548797607421875,0.21392469108104706,1.3292113542556763,700.7423706054688,3873.0,1.7777676582336426,1.9641242504119873,2.462683916091919,1.556770920753479,1.319983720779419,1.8589619398117065,0.012087897397577763,0.023216508328914642,1.4830875396728516,2.1861414909362793,2.931469202041626,144.60777282714844,144.98851928710937,145.3654022216797,144.57664489746094,143.7295379638672,145.33837890625,0.1366107016801834,0.150920569896698,2.2384238243103027,3.222616815567016,3.9388844966888428,113.4573237101237,4.857781466027838,96.0122553507487,7.027277499324754
huaping_main,10,/media/chenshuai/czy_data22/pih_dataset/260630_v8j_huaping/peg_in_hole_0630/episode_10.hdf5,388,19.4,1.0,39.89730453491211,1.2604610919952393,3.115237188339229,208.95794677734375,158.58770751953125,47.78204345703125,157.3465576171875,87.47477722167969,4.401747703552246,46.61676025390625,6.7804718017578125,1.0,0.3861544132232666,0.7026553034782409,1.2016092538833618,6.297000408172607,46.87699890136719,2.7179999351501465,88.06900024414062,2.5300002098083496,47.215999603271484,5.785003662109375,15.247163772583008,99.68246765136718,1.0,0.3610687255859375,0.0009329941240139306,0.0016788140637800095,0.0028200624510645866,0.1964898705482483,0.20112700760364532,0.3903979957103729,0.1956930011510849,0.038332000374794006,-0.005204999819397926,-0.006912000011652708,0.0936029851436615,0.288129985332489,0.26176100969314575,0.046000003814697266,3.1410000324249268,3.1449999809265137,0.054999999701976776,-0.007000000216066837,-0.03799999877810478,0.060000061988830566,1.9320000410079956,1.871999979019165,1.0,13.240057945251465,16.535248947143554,23.032323837280273,11.666709899902344,5.804344654083252,22.465633392333984,0.18824847042560577,1.3184365034103394,680.8096313476562,3696.0,1.808120846748352,2.0880313634872434,3.002629041671753,1.5283849239349365,1.3453068733215332,1.9197909832000732,0.013376055285334587,0.03174449875950813,1.513689637184143,2.2070205807685848,2.972851514816284,144.56736755371094,144.96376419067383,145.33212280273438,144.5384979248047,143.87271118164062,145.30625915527344,0.13654081523418427,0.14810249209403992,2.2013518810272217,3.1512813210487365,3.88382887840271,113.0810063680013,4.214365547815165,98.16341908772786,5.534647828370784
huaping_main,11,/media/chenshuai/czy_data22/pih_dataset/260630_v8j_huaping/peg_in_hole_0630/episode_11.hdf5,426,21.3,1.0,38.33826446533203,1.422775149345398,2.48054847717284,224.21751403808594,158.64630126953125,52.077919006347656,158.43203735351562,89.31656646728516,4.162838935852051,46.95343780517578,8.491867065429688,1.0,0.3521856367588043,0.6874062418937668,1.2081220149993896,6.131999969482422,51.86199951171875,4.89300012588501,89.44499969482422,2.686000108718872,46.973995208740234,7.90899658203125,6.6531195640563965,33.18983745574951,1.0,0.3591477870941162,0.0008450536406598985,0.001733567379415033,0.0033965616021305323,0.2026783674955368,0.20913399755954742,0.3903760015964508,0.1880369931459427,0.03967900201678276,-0.0053090001456439495,-0.011501000262796879,0.09369300305843353,0.2881320118904114,0.2781769931316376,0.06800007820129395,3.1410000324249268,3.072999954223633,0.06300000101327896,-0.007000000216066837,-0.05299999937415123,0.08099997043609619,1.930999994277954,1.8519999980926514,1.0,12.656999588012695,16.75933265686035,23.18442726135254,10.234392166137695,2.765101909637451,22.700328826904297,0.2852496802806854,1.5580188035964966,651.3202514648438,3954.0,4.141550064086914,7.578565001487732,8.624822616577148,2.489833116531372,1.7264130115509033,4.911083221435547,0.046175915747880936,0.08252141624689102,2.6063244342803955,5.431771755218506,7.652306079864502,162.21694946289062,163.08189392089844,163.57090759277344,162.0685577392578,160.253173828125,163.4423065185547,0.226040780544281,0.23830662667751312,4.641697406768799,6.240509629249573,8.582038879394531,111.5314712524414,4.278933168165354,98.59675598144531,3.930193544919475
huaping_main,12,/media/chenshuai/czy_data22/pih_dataset/260630_v8j_huaping/peg_in_hole_0630/episode_12.hdf5,381,19.05,1.0,38.8529052734375,1.3134796619415283,3.823693931102753,204.4936981201172,157.33163452148438,47.91537857055664,154.38641357421875,82.5119857788086,3.8165998458862305,44.87031555175781,15.22650146484375,1.0,0.3603397309780121,0.6808273792266846,0.8677306771278381,9.02400016784668,47.77799987792969,4.979000091552734,82.61300659179688,2.919999837875366,45.02400207519531,13.948001861572266,11.785812377929688,67.43531799316406,1.0,0.33715128898620605,0.0008872402249835432,0.0016788427426945418,0.0023728145752102137,0.20114043354988098,0.19930200278759003,0.3903909921646118,0.19161899387836456,0.05469600111246109,-0.005216000135987997,-0.02107900008559227,0.09595899283885956,0.28812500834465027,0.26175200939178467,0.026999950408935547,3.140000104904175,3.121000051498413,0.06200000271201134,-0.007000000216066837,-0.05700000002980232,0.029999971389770508,1.9329999685287476,1.9160000085830688,1.0,12.824413299560547,16.81028175354004,19.185548782348633,10.34752082824707,2.152303695678711,18.398822784423828,0.3586151897907257,1.8936349153518677,666.8226318359375,3735.0,4.70526123046875,8.492612838745117,9.532716751098633,2.840055227279663,1.8117746114730835,5.305171012878418,0.05117945000529289,0.09103880822658539,2.8835337162017822,6.204998016357422,8.571850776672363,161.3461456298828,162.41583251953125,162.98658752441406,161.1950225830078,159.33212280273438,162.8502197265625,0.22273500263690948,0.23286721110343933,4.665916442871094,6.36771821975708,8.08682632446289,110.82603708902995,3.772079314636056,96.54318491617839,6.106767582139505
huaping_main,13,/media/chenshuai/czy_data22/pih_dataset/260630_v8j_huaping/peg_in_hole_0630/episode_13.hdf5,361,18.05,1.0,39.38167953491211,2.609065055847168,4.816392946243296,207.45523071289062,158.1331787109375,47.66151809692383,154.621337890625,86.78299713134766,4.067004680633545,46.15522766113281,10.703956604003906,1.0,0.4249005615711212,0.8015031993389131,1.1049001216888428,6.361999988555908,47.12700271606445,4.083000183105469,87.33899688720703,2.179999828338623,46.56700134277344,9.69000244140625,13.331597328186035,90.46854400634766,1.0,0.36959075927734375,0.0010266409954056144,0.0020999991334974765,0.0031252519693225622,0.18669572472572327,0.19822800159454346,0.39043599367141724,0.2042279988527298,0.04827599972486496,-0.005177999846637249,-0.018070999532938004,0.09441499412059784,0.28832200169563293,0.28436699509620667,0.0410001277923584,3.138000011444092,3.11899995803833,0.04000000283122063,-0.004999999888241291,-0.02800000086426735,0.06099998950958252,1.9329999685287476,1.8910000324249268,1.0,12.506298065185547,16.951946258544922,20.31586265563965,10.494132041931152,2.0413827896118164,19.67550277709961,0.2480459064245224,0.8574990034103394,659.6446533203125,3745.0,4.372593402862549,7.690755844116211,9.181619644165039,2.8811957836151123,1.9655894041061401,5.852203845977783,0.04662846028804779,0.08771207183599472,2.7011542320251465,5.860848903656006,9.326766967773438,161.86683654785156,162.946044921875,163.3345489501953,161.7202911376953,159.8633270263672,163.17837524414062,0.22424130141735077,0.23308318853378296,4.633090019226074,6.310853958129883,7.674842834472656,111.19485727945964,4.55620720738331,95.89315032958984,6.754175295241781
huaping_main,14,/media/chenshuai/czy_data22/pih_dataset/260630_v8j_huaping/peg_in_hole_0630/episode_14.hdf5,429,21.45,1.0,38.805484771728516,1.314530849456787,4.533511614799492,211.9593048095703,159.58822631835938,48.473045349121094,156.57742309570312,87.59437561035156,5.100805759429932,47.398277282714844,18.069656372070312,1.0,0.35538554191589355,0.7558900356292719,1.220565676689148,10.448999404907227,48.428001403808594,4.96999979019165,88.08200073242188,3.6040000915527344,47.795997619628906,16.490001678466797,11.425491333007812,72.05115051269516,1.0,0.36285096406936646,0.0008477826486341655,0.0017806269053835416,0.00336270360276103,0.20339344441890717,0.20214100182056427,0.3904399871826172,0.18983499705791473,0.06464999914169312,-0.005158999934792519,-0.02624800056219101,0.09634101390838623,0.28823599219322205,0.2621249854564667,0.046000003814697266,3.140000104904175,3.11299991607666,0.06800000369548798,-0.007000000216066837,-0.05000000074505806,0.02799999713897705,1.9329999685287476,1.9160000085830688,1.0,12.137317657470703,16.67494621276855,22.719240188598633,8.776723861694336,-3.6570372581481934,22.155277252197266,0.5019477009773254,1.7041295766830444,638.7842407226562,3706.0,6.355074405670166,11.293628883361816,14.506392478942871,3.8389201164245605,2.125271797180176,8.286529541015625,0.06354767829179764,0.12377503514289856,3.605891227722168,8.037065505981444,12.293936729431152,159.43362426757812,161.83982543945314,162.88821411132812,159.28773498535156,154.61788940429688,162.73524475097656,0.21703962981700897,0.23586277663707733,4.708632946014404,6.507083797454833,11.124143600463867,111.47090403238933,4.5318469459529505,96.74367268880208,6.508693179250199
huaping_main,15,/media/chenshuai/czy_data22/pih_dataset/260630_v8j_huaping/peg_in_hole_0630/episode_15.hdf5,444,22.2,1.0,38.56757354736328,1.3498772382736206,1.452381885051724,206.55026245117188,154.3207550048828,48.88125991821289,153.60546875,84.08317565917969,4.872734546661377,45.42258071899414,13.262226104736328,1.0,0.32718345522880554,0.5974030137062072,0.8004171252250671,8.119000434875488,48.513999938964844,6.354000091552734,84.39199829101562,2.482999801635742,45.68699645996094,13.506004333496094,8.848648071289062,47.11847496032712,1.0,0.34633302688598633,0.0007817901205271482,0.0014487643260508774,0.002225551288574934,0.19903302192687988,0.19736500084400177,0.3903610110282898,0.19331200420856476,0.06255300343036652,-0.005295999813824892,-0.031176000833511353,0.09320200979709625,0.28842100501060486,0.277648001909256,0.053999900817871094,3.140000104904175,3.121000051498413,0.04800000041723251,-0.004999999888241291,-0.03099999949336052,0.05900001525878906,1.9329999685287476,1.8890000581741333,1.0,12.832182884216309,16.532599925994873,17.936134338378906,10.94941234588623,0.9683966636657715,17.375329971313477,0.22432245314121246,0.7223599553108215,685.8504028320312,3894.0,4.479461669921875,8.825685310363768,10.98204517364502,2.967344284057617,2.171372175216675,5.884143829345703,0.04604440927505493,0.10391802340745926,2.7296266555786133,6.027963018417358,10.25146484375,160.86488342285156,161.8798843383789,162.27320861816406,160.72491455078125,158.43421936035156,162.13665771484375,0.2209802269935608,0.22740250825881958,4.684643268585205,6.156601810455322,7.473477363586426,111.7336196899414,4.945411261489472,95.67413330078125,7.541438544739223
huaping_main,16,/media/chenshuai/czy_data22/pih_dataset/260630_v8j_huaping/peg_in_hole_0630/episode_16.hdf5,416,20.8,1.0,37.919925689697266,1.3155081272125244,2.216140484809875,224.92776489257812,160.2665557861328,49.236732482910156,157.75765991210938,85.63090515136719,6.156360626220703,46.824466705322266,12.529899597167969,1.0,0.3683779835700989,0.9656946599483488,1.3241907358169556,7.914999961853027,49.12699890136719,4.855999946594238,85.68199920654297,4.470000267028809,46.96200180053711,11.439002990722656,8.714344024658203,36.54254627227783,1.0,0.3715824484825134,0.0008953794022090733,0.0025456100003793817,0.0034813694655895233,0.20356237888336182,0.20635898411273956,0.3903540074825287,0.18806099891662598,0.045288000255823135,-0.00522099994122982,-0.02301499992609024,0.09712298214435577,0.2882609963417053,0.27417001128196716,0.06800007820129395,3.1410000324249268,3.122999906539917,0.0860000029206276,-0.007000000216066837,-0.06700000166893005,0.056999921798706055,1.9329999685287476,1.8769999742507935,1.0,12.842560768127441,17.03186845779419,26.617015838623047,9.741896629333496,0.2750319838523865,26.216594696044922,0.5326278209686279,2.2180144786834717,681.8523559570312,4283.0,5.796748161315918,12.35736608505249,14.250085830688477,3.942538022994995,2.3740999698638916,7.60286808013916,0.055077970027923584,0.12318258732557297,3.617208957672119,7.88250732421875,11.6043062210083,159.75550842285156,161.7906265258789,163.23777770996094,159.6102752685547,156.6259002685547,162.97088623046875,0.21770860254764557,0.2421673834323883,4.956072807312012,7.6009145975112915,12.40031909942627,111.14445241292317,4.832213344253104,97.39235178629558,5.045924556311301
huaping_main,17,/media/chenshuai/czy_data22/pih_dataset/260630_v8j_huaping/peg_in_hole_0630/episode_17.hdf5,416,20.8,1.0,38.367706298828125,1.4384971857070923,1.4720119237899734,219.21270751953125,156.25100708007812,50.70601272583008,153.67095947265625,86.92498016357422,6.345651626586914,47.384334564208984,7.15093994140625,1.0,0.3678648769855499,0.8230473577976216,1.1541252136230469,5.6579999923706055,50.53499984741211,5.288000106811523,87.09600067138672,4.060999870300293,47.491004943847656,7.2519989013671875,7.913849353790283,26.940789699554443,1.0,0.3693084120750427,0.0008898997912183404,0.0020555012859404084,0.0034495920408517122,0.19971555471420288,0.2051670104265213,0.3904080092906952,0.1912820041179657,0.05011899769306183,-0.00519500020891428,-0.020177999511361122,0.09566399455070496,0.2881380021572113,0.2848750054836273,0.031000137329101562,3.1410000324249268,3.125999927520752,0.05000000074505806,-0.007000000216066837,-0.008999999612569809,0.06200003623962402,1.9320000410079956,1.8700000047683716,1.0,12.763361930847168,16.835582733154297,21.627233505249023,10.276938438415527,-1.7408506870269775,21.119754791259766,0.3218856453895569,1.5783096551895142,657.682373046875,4033.0,4.853911876678467,8.559414625167847,12.701117515563965,3.328263998031616,2.589719533920288,6.6176347732543945,0.04766537994146347,0.11528831720352173,3.1630351543426514,6.918057680130005,11.800822257995605,159.99835205078125,161.2740020751953,161.85926818847656,159.85986328125,157.4335174560547,161.73226928710938,0.2201535403728485,0.2363537698984146,4.653160572052002,6.342694997787476,9.04404354095459,111.69898986816406,4.764200698903959,95.7126693725586,7.887616379194901
huaping_main,18,/media/chenshuai/czy_data22/pih_dataset/260630_v8j_huaping/peg_in_hole_0630/episode_18.hdf5,478,23.9,1.0,37.64063262939453,1.140423059463501,1.5365630149841296,212.8311004638672,150.70452880859375,49.22983932495117,150.26376342773438,88.5152816772461,4.261627197265625,48.339481353759766,10.175701141357422,1.0,0.36206239461898804,0.8668830275535582,2.0510764122009277,6.852999687194824,49.446998596191406,3.632000207901001,89.072998046875,3.304999828338623,48.890995025634766,8.777999877929688,5.7648491859436035,31.10680046081542,1.0,0.4280989170074463,0.0008974819793365896,0.0023768979590386152,0.0058078523725271225,0.19930294156074524,0.2079320102930069,0.3903450071811676,0.1913670003414154,0.04676800221204758,-0.005191999953240156,-0.0162540003657341,0.09864099323749542,0.28837499022483826,0.2857210040092468,6.2820000648498535,3.140000104904175,3.132999897003174,0.06300000101327896,-0.006000000052154064,-0.035999998450279236,0.06299996376037598,1.9329999685287476,1.8890000581741333,1.0,12.629371643066406,16.340751361846923,20.055648803710938,10.775278091430664,5.072669506072998,19.435829162597656,0.24662409722805023,1.2985161542892456,678.9205322265625,3788.0,4.26587438583374,6.766666388511657,7.279029369354248,3.2526297569274902,2.5688767433166504,5.1180267333984375,0.040149424225091934,0.0775667205452919,2.796626329421997,6.0771914482116705,8.862016677856445,160.19656372070312,161.19830856323242,161.50845336914062,160.07315063476562,158.38174438476562,161.3825225830078,0.21725651621818542,0.22729343175888062,4.4794721603393555,6.191243839263916,7.830573558807373,111.08219909667969,4.8187015972704,95.97202555338542,6.320770362816459
huaping_main,19,/media/chenshuai/czy_data22/pih_dataset/260630_v8j_huaping/peg_in_hole_0630/episode_19.hdf5,466,23.3,1.0,38.20323181152344,1.1918331384658813,1.71470599174499,223.7687225341797,159.38648986816406,49.66303253173828,156.98910522460938,88.04894256591797,6.116373538970947,47.1226921081543,8.909492492675781,1.0,0.33537498116493225,0.7655905008316037,1.271316409111023,6.982000350952148,49.56999969482422,3.6659998893737793,88.09600067138672,4.303999900817871,47.24899673461914,7.616004943847656,7.820504665374756,34.93954372406006,1.0,0.37712228298187256,0.000811015663202852,0.0018979626242071365,0.003876610891893506,0.19733747839927673,0.2059750109910965,0.39035600423812866,0.19319400191307068,0.044116999953985214,-0.005222999956458807,-0.013466999866068363,0.09569099545478821,0.28832200169563293,0.2871989905834198,0.046000003814697266,3.140000104904175,3.118000030517578,0.07400000095367432,-0.006000000052154064,-0.05400000140070915,0.09000003337860107,1.9320000410079956,1.8420000076293945,1.0,12.716514587402344,16.77639675140381,21.110559463500977,10.265206336975098,-0.8231171369552612,20.530038833618164,0.2964157164096832,1.2737369537353516,684.2743530273438,3899.0,4.724215507507324,9.097049713134766,11.066937446594238,3.3859198093414307,2.808572769165039,5.8489298820495605,0.04428877308964729,0.10646799206733704,3.030289649963379,6.869247674942017,10.944494247436523,159.69361877441406,160.65145874023438,161.07229614257812,159.56858825683594,157.26368713378906,160.95440673828125,0.21636883914470673,0.2251351922750473,4.520727634429932,6.154693126678467,7.364099979400635,111.39827728271484,4.6732377038131165,97.74508921305339,4.670869149812268
huaping_main,20,/media/chenshuai/czy_data22/pih_dataset/260630_v8j_huaping/peg_in_hole_0630/episode_20.hdf5,462,23.1,1.0,38.3989143371582,1.3156274557113647,2.3396472930908203,219.9356231689453,162.28451538085938,49.59077072143555,159.7671356201172,86.86441040039062,5.18037223815918,48.896575927734375,11.5546875,1.0,0.3216254711151123,0.6542330384254456,1.0240596532821655,9.208999633789062,49.31700134277344,5.302000045776367,87.11199951171875,3.7950000762939453,49.19099807739258,10.149993896484375,8.936640739440918,49.01124134063719,1.0,0.35470908880233765,0.000769434031099081,0.00157850980758667,0.002633837051689625,0.20397546887397766,0.20236201584339142,0.3904150128364563,0.18821899592876434,0.05677099898457527,-0.00518900016322732,-0.023295000195503235,0.09554299712181091,0.28812599182128906,0.26825299859046936,0.04900002479553223,3.1410000324249268,3.119999885559082,0.06700000166893005,-0.007000000216066837,-0.04600000008940697,0.08999991416931152,1.9329999685287476,1.843000054359436,1.0,12.092718124389648,16.537859439849854,18.19976043701172,8.386634826660156,-2.990361213684082,17.538406372070312,0.49741825461387634,2.080505132675171,643.7473754882812,3893.0,6.427201271057129,11.430062198638916,14.031767845153809,4.091038703918457,2.9038307666778564,7.445522308349609,0.06225788965821266,0.12512879073619843,3.804155111312866,8.175871467590332,12.650501251220703,159.10467529296875,160.96688079833984,161.3803253173828,158.9684600830078,155.8409881591797,161.1236114501953,0.2165645807981491,0.23495842516422272,4.708374500274658,7.14096918106079,11.169323921203613,111.94505564371745,4.74932884974125,97.26528930664062,6.190166263930179
huaping_main,21,/media/chenshuai/czy_data22/pih_dataset/260630_v8j_huaping/peg_in_hole_0630/episode_21.hdf5,438,21.9,1.0,38.73368835449219,1.3042640686035156,2.6553416728973374,199.4276123046875,146.42987060546875,49.17483901977539,146.01268005371094,86.64700317382812,4.009100914001465,46.87592697143555,11.930980682373047,1.0,0.33327430486679077,0.6016127705574035,1.2289237976074219,7.0970001220703125,48.96699905395508,4.947999954223633,87.03600311279297,1.8679999113082886,47.17399597167969,10.489006042480469,8.651466369628906,44.68259391784666,1.0,0.3538627624511719,0.0008097545942291617,0.0014349653385579584,0.003569085616618395,0.19669385254383087,0.20034098625183105,0.39036598801612854,0.19449999928474426,0.05445200204849243,-0.005187000147998333,-0.016349000856280327,0.09341400861740112,0.28835099935531616,0.27419498562812805,0.034999847412109375,3.140000104904175,3.1080000400543213,0.04500000178813934,-0.004999999888241291,-0.035999998450279236,0.04100000858306885,1.9329999685287476,1.8919999599456787,1.0,11.687894821166992,16.278606986999513,17.670312881469727,8.961465835571289,-1.6004037857055664,16.88134002685547,0.2424125075340271,0.9528683423995972,642.279541015625,3765.0,3.364412307739258,5.723253583908081,8.062175750732422,1.853371024131775,1.0948870182037354,4.411179065704346,0.03301212564110756,0.06404107809066772,2.1149208545684814,3.723143768310547,5.620300769805908,74.02640533447266,75.68403205871581,75.9129638671875,73.97164154052734,69.54010772705078,75.86286163330078,0.06024783104658127,0.08077841997146606,2.588360548019409,4.375184512138367,5.599529266357422,111.52720387776692,4.646854414363362,96.63610331217448,5.953596845686341
huaping_main,22,/media/chenshuai/czy_data22/pih_dataset/260630_v8j_huaping/peg_in_hole_0630/episode_22.hdf5,424,21.2,1.0,38.91317367553711,1.3084375858306885,2.642243337631224,195.62181091308594,148.24632263183594,49.225555419921875,147.947265625,84.86408233642578,4.33574104309082,45.863285064697266,13.146347045898438,1.0,0.36754217743873596,0.7581751525402063,1.210479497909546,8.544000625610352,49.125,4.38700008392334,85.0,3.23799991607666,45.9849967956543,11.930000305175781,12.83634090423584,63.922988891601555,1.0,0.3729088306427002,0.000881581159774214,0.0018423407687805592,0.0027241073548793793,0.18755000829696655,0.20182201266288757,0.39038801193237305,0.20370300114154816,0.054503001272678375,-0.00520299980416894,-0.02237899973988533,0.0971909910440445,0.28851398825645447,0.2938709855079651,0.037000179290771484,3.140000104904175,3.119999885559082,0.04800000041723251,-0.006000000052154064,-0.017000000923871994,0.04800009727478027,1.9320000410079956,1.8839999437332153,1.0,12.853861808776855,16.45219898223877,17.69803237915039,10.95567798614502,2.290626049041748,17.024303436279297,0.21377667784690857,1.0515385866165161,672.9066772460938,3891.0,2.9529402256011963,4.451938962936401,6.091817855834961,1.6760445833206177,1.1281107664108276,2.9748430252075195,0.03084458038210869,0.06295368820428848,2.036956548690796,3.359714591503143,5.0443034172058105,74.02877807617188,75.44557456970215,75.7928695678711,73.98048400878906,71.42833709716797,75.74368286132812,0.05609969049692154,0.07359657436609268,2.5129525661468506,4.3073474884033205,5.503274440765381,111.87644449869792,5.077595529785752,95.88093821207683,7.730077340384117
huaping_main,23,/media/chenshuai/czy_data22/pih_dataset/260630_v8j_huaping/peg_in_hole_0630/episode_23.hdf5,399,19.95,1.0,39.367652893066406,1.4038015604019165,2.927646410465236,234.2026824951172,165.6997833251953,48.604087829589844,165.49942016601562,87.03800964355469,2.705606460571289,45.68089294433594,7.570182800292969,1.0,0.38558506965637207,0.8192578345537186,1.365688681602478,5.9029998779296875,48.77899932861328,2.949000120162964,87.68900299072266,2.1710000038146973,46.347999572753906,6.3390045166015625,12.888023376464844,57.36880340576161,1.0,0.3803514242172241,0.0009556568693369627,0.0018968291231431056,0.0034188798163086176,0.19410857558250427,0.2035740166902542,0.3903680145740509,0.19627000391483307,0.039883002638816833,-0.005233000032603741,-0.0037159998901188374,0.09361298382282257,0.2881290018558502,0.2867879867553711,0.039999961853027344,3.1410000324249268,3.130000114440918,0.039000000804662704,-0.007000000216066837,-0.03099999949336052,0.03000009059906006,1.9320000410079956,1.906000018119812,1.0,12.392475128173828,16.51923198699951,18.324127197265625,9.261053085327148,-5.2505950927734375,17.665985107421875,0.3808668851852417,2.5845794677734375,601.4783325195312,3914.0,3.4276108741760254,6.194375753402696,8.804706573486328,1.8295950889587402,1.1036818027496338,4.524296760559082,0.03545386716723442,0.07806396484375,2.207101345062256,3.9731438398361205,6.243866443634033,73.45417785644531,75.98136444091797,76.70346069335938,73.4038314819336,68.70015716552734,76.52362060546875,0.0603378489613533,0.10016106814146042,2.4968059062957764,4.357426500320434,7.093267440795898,110.93865458170573,4.075806758246863,96.86812082926433,6.013291161989139
huaping_main,24,/media/chenshuai/czy_data22/pih_dataset/260630_v8j_huaping/peg_in_hole_0630/episode_24.hdf5,424,21.2,1.0,38.74549865722656,2.3316187858581543,3.336802744865414,226.52711486816406,163.1029052734375,48.672821044921875,162.61526489257812,85.75749206542969,4.82913875579834,46.493133544921875,8.981163024902344,1.0,0.34544873237609863,0.7380995452404021,1.5868299007415771,6.744999885559082,48.57400131225586,3.187000036239624,85.9729995727539,2.559999942779541,46.73200225830078,7.9380035400390625,9.88700008392334,45.12033615112297,1.0,0.34846580028533936,0.0008237962028943002,0.001700984209310262,0.004306042566895485,0.1959979087114334,0.1981380134820938,0.3904229998588562,0.19487600028514862,0.04587399959564209,-0.005206999834626913,-0.007441000081598759,0.09211799502372742,0.2881610095500946,0.27506300806999207,0.03900003433227539,3.140000104904175,3.128999948501587,0.03799999877810478,-0.006000000052154064,-0.026000000536441803,0.03299999237060547,1.9329999685287476,1.899999976158142,1.0,12.930581092834473,16.272528457641602,21.46027183532715,11.239982604980469,4.623164176940918,21.042110443115234,0.17387396097183228,0.7388203144073486,673.5970458984375,3866.0,2.603992462158203,3.2396349906921387,3.7001280784606934,1.5989587306976318,1.127236247062683,1.90534508228302,0.027496518567204475,0.04291972145438194,1.8772317171096802,3.1167962551116943,4.025270938873291,75.5301513671875,76.24749221801758,76.50308227539062,75.48311614990234,73.9400863647461,76.4542465209961,0.05605955049395561,0.06148742139339447,2.489999532699585,4.360544514656066,5.42111873626709,111.9807637532552,4.182627754112786,98.05312601725261,6.904898256371005
huaping_main,25,/media/chenshuai/czy_data22/pih_dataset/260630_v8j_huaping/peg_in_hole_0630/episode_25.hdf5,411,20.55,1.0,38.889564514160156,1.4330263137817383,2.039680391550054,228.544189453125,161.68572998046875,51.34295654296875,161.51300048828125,84.74444580078125,4.079900741577148,45.175472259521484,6.4992218017578125,1.0,0.33829841017723083,0.6321283072233196,0.9429565072059631,5.394999980926514,51.10900115966797,4.085000038146973,84.7750015258789,2.490000009536743,45.35599899291992,7.427001953125,9.2650728225708,28.355175018310547,1.0,0.33973249793052673,0.0008286158554255962,0.0016092965495772649,0.0024853739887475967,0.20803552865982056,0.2085920125246048,0.39031800627708435,0.1828950047492981,0.03598099946975708,-0.005280000157654285,-0.004145000129938126,0.0920809954404831,0.2882710099220276,0.2723590135574341,0.026000022888183594,3.1410000324249268,3.128999948501587,0.044999998062849045,-0.006000000052154064,-0.03500000014901161,0.09399998188018799,1.934000015258789,1.840000033378601,1.0,12.124959945678711,16.035170555114746,19.132831573486328,10.248964309692383,0.723520040512085,18.786115646362305,0.264579713344574,1.3677555322647095,646.0469360351562,4006.0,3.9253857135772705,7.880887269973755,8.523930549621582,2.9307947158813477,2.312870502471924,4.859450817108154,0.028564652428030968,0.07675205171108246,3.289611339569092,6.387192964553833,8.908751487731934,84.75707244873047,85.72124099731445,86.49223327636719,84.4041748046875,82.31126403808594,86.07905578613281,0.12333935499191284,0.14274713397026062,4.873319149017334,8.45502233505249,11.028112411499023,112.1668192545573,4.341397950779897,98.48797607421875,4.914997121379921
huaping_main,26,/media/chenshuai/czy_data22/pih_dataset/260630_v8j_huaping/peg_in_hole_0630/episode_26.hdf5,441,22.05,1.0,38.49506378173828,1.362554907798767,3.178665256500239,228.05039978027344,161.40325927734375,50.6712646484375,161.09677124023438,85.35002899169922,3.5392370223999023,45.81771469116211,6.7431182861328125,1.0,0.3270910680294037,0.6036086708307266,1.2866193056106567,6.26800012588501,50.49699783325195,4.029999732971191,85.6030044555664,1.812999963760376,45.98899841308594,6.78399658203125,7.471615791320801,33.55038070678711,1.0,0.3487585186958313,0.000792632985394448,0.0016181532177142795,0.0038627185858786106,0.2041686326265335,0.20346401631832123,0.39033299684524536,0.18688300251960754,0.04561099782586098,-0.005278999917209148,-0.009983000345528126,0.09016598761081696,0.2883540093898773,0.2718980014324188,6.279000282287598,3.1410000324249268,3.122999906539917,0.027000002562999725,-0.006000000052154064,-0.017999999225139618,0.06400001049041748,1.9329999685287476,1.86899995803833,1.0,12.211517333984375,15.993830680847168,20.8153018951416,10.941144943237305,4.579592704772949,20.435894012451172,0.1505640149116516,0.4062710404396057,671.5591430664062,3883.0,3.2893741130828857,6.205756664276123,7.13250732421875,2.752770185470581,2.398219347000122,4.210987567901611,0.021545572206377983,0.06749051809310913,3.041670799255371,5.680059432983398,8.76815414428711,84.86717224121094,85.40353393554688,86.17771911621094,84.52666473388672,83.56184387207031,85.8175048828125,0.12123940140008926,0.12738029658794403,4.865244388580322,8.588861465454102,10.730969429016113,111.1953353881836,4.487475184810949,96.36387379964192,6.328236062951856
huaping_main,27,/media/chenshuai/czy_data22/pih_dataset/260630_v8j_huaping/peg_in_hole_0630/episode_27.hdf5,483,24.15,1.0,38.48875427246094,1.235519528388977,2.2301359534263585,218.63629150390625,155.75439453125,51.545265197753906,153.36175537109375,88.13517761230469,5.758617401123047,47.49602127075195,9.703559875488281,1.0,0.32658976316452026,0.6303255021572113,0.842157781124115,5.321000099182129,51.46399688720703,4.947999954223633,88.35499572753906,3.183000087738037,47.61199951171875,6.676002502441406,8.87734603881836,38.0906940460205,1.0,0.37629270553588867,0.0007806902867741883,0.0015416718029882758,0.0024195571895688772,0.2010701298713684,0.20978300273418427,0.3903450071811676,0.18937300145626068,0.03940499946475029,-0.00521400012075901,-0.010750999674201012,0.09511001408100128,0.28835099935531616,0.28538599610328674,0.03500008583068848,3.1410000324249268,3.121000051498413,0.044999998062849045,-0.007000000216066837,-0.020999999716877937,0.09099996089935303,1.9329999685287476,1.8480000495910645,1.0,12.095556259155273,15.97893304824829,18.29091453552246,9.41006088256836,0.8359335660934448,17.987302780151367,0.42033299803733826,2.1415889263153076,645.8228149414062,3756.0,4.468018054962158,8.85831651687622,9.889261245727539,3.1096158027648926,2.301284074783325,5.391940116882324,0.03658970445394516,0.08814289420843124,3.42240047454834,6.8168628215789795,9.621355056762695,84.77850341796875,85.49467620849609,85.89283752441406,84.38681030273438,82.17707061767578,85.5223388671875,0.1263146847486496,0.14644412696361542,5.032769680023193,8.571532058715821,10.26980972290039,110.93219757080078,4.674447338385008,96.16205596923828,6.265103461372745
huaping_main,28,/media/chenshuai/czy_data22/pih_dataset/260630_v8j_huaping/peg_in_hole_0630/episode_28.hdf5,472,23.6,1.0,38.05698776245117,1.1477493047714233,1.0953320860862732,217.5685577392578,153.92904663085938,50.39877700805664,153.74386596679688,90.34846496582031,4.72271203994751,48.74988555908203,10.701961517333984,1.0,0.3359285891056061,0.6256435215473175,1.415079951286316,6.866999626159668,50.33100128173828,3.6069998741149902,90.47100067138672,4.645999908447266,48.77700424194336,9.724002838134766,8.429557800292969,26.469956207275388,1.0,0.3676443099975586,0.0007805611821822822,0.0014242259203456342,0.0037381777074187994,0.20564648509025574,0.20848901569843292,0.39034900069236755,0.18555299937725067,0.04937800019979477,-0.005210000090301037,-0.013663000427186489,0.0960259884595871,0.2884030044078827,0.27174100279808044,0.06200003623962402,3.140000104904175,3.134999990463257,0.05300000309944153,-0.006000000052154064,-0.012000000104308128,0.03900003433227539,1.9320000410079956,1.9079999923706055,1.0,11.591971397399902,16.015393352508546,18.339590072631836,9.038944244384766,-3.4799816608428955,17.90642547607422,0.40321964025497437,1.9019030332565308,620.5469360351562,3675.0,5.25216007232666,10.551183080673217,14.464930534362793,3.4927549362182617,2.2875101566314697,7.609834671020508,0.0437520407140255,0.12029747664928436,3.678457260131836,7.769663333892822,12.358854293823242,83.21385192871094,84.85981903076171,85.58647155761719,82.8484115600586,79.21345520019531,85.2305908203125,0.11814436316490173,0.13875973224639893,4.896018028259277,8.785170316696165,11.21645736694336,111.09518432617188,4.423612260214053,95.75607045491536,7.617325662431599
huaping_main,29,/media/chenshuai/czy_data22/pih_dataset/260630_v8j_huaping/peg_in_hole_0630/episode_29.hdf5,425,21.25,1.0,38.2520866394043,1.2953920364379883,2.658875155448904,214.9869384765625,158.17022705078125,49.2298583984375,156.23583984375,89.30012512207031,6.0342020988464355,49.895591735839844,12.190135955810547,1.0,0.38367965817451477,0.7575114995241166,1.093851089477539,9.550999641418457,49.279998779296875,5.129000186920166,89.68900299072266,4.205999851226807,50.195003509521484,10.989002227783203,10.559123039245605,38.22668762207027,1.0,0.38533663749694824,0.000908812799025327,0.001787763601168989,0.0029076889622956514,0.19936330616474152,0.20383700728416443,0.39041000604629517,0.19258800148963928,0.05819400027394295,-0.005222999956458807,-0.02986600063741207,0.09743201732635498,0.28841501474380493,0.2906300127506256,0.043000221252441406,3.140000104904175,3.124000072479248,0.0650000050663948,-0.006000000052154064,-0.04699999839067459,0.06699991226196289,1.9320000410079956,1.8660000562667847,1.0,12.285737991333008,16.40446624755859,18.736488342285156,9.189128875732422,-2.4259486198425293,18.31024169921875,0.5293164849281311,2.7474310398101807,657.0269165039062,3828.0,5.465001583099365,11.555031204223631,15.712081909179688,3.5894269943237305,2.2781240940093994,7.855830669403076,0.047705359756946564,0.12846504151821136,3.7686259746551514,8.136079406738281,13.998204231262207,84.03299713134766,85.00738677978515,85.44782257080078,83.63877868652344,79.11811828613281,85.060546875,0.12098187953233719,0.13576427102088928,5.071446418762207,9.334165573120117,13.030557632446289,111.13797251383464,5.228373537056723,95.65374247233073,6.747059486768112
huaping_main,30,/media/chenshuai/czy_data22/pih_dataset/260630_v8j_huaping/peg_in_hole_0630/episode_30.hdf5,458,22.9,1.0,38.522666931152344,1.4329341650009155,3.54882674217224,232.1609344482422,165.1526641845703,52.078041076660156,163.09445190429688,89.99478149414062,7.537745475769043,47.45795440673828,9.708541870117188,1.0,0.3563789427280426,0.7133756279945374,1.3891581296920776,5.539000034332275,51.952999114990234,3.0450000762939453,90.21099853515625,5.697000026702881,47.7650032043457,7.90899658203125,10.781116485595703,58.412579345703115,1.0,0.384063720703125,0.0008404020336456597,0.00187912720721215,0.0027131002862006426,0.1962951421737671,0.21183200180530548,0.3903670012950897,0.1943269968032837,0.04244600236415863,-0.005226000212132931,-0.007340000011026859,0.10513201355934143,0.2882840037345886,0.2980630099773407,0.056999921798706055,3.140000104904175,3.115999937057495,0.06799999624490738,-0.006000000052154064,-0.004000000189989805,0.0690000057220459,1.9320000410079956,1.8650000095367432,1.0,12.079834938049316,16.236337757110594,19.965124130249023,9.262124061584473,-6.060451030731201,19.438302993774414,0.43118274211883545,1.8719189167022705,631.0324096679688,4319.0,5.107254981994629,12.06397857666015,16.695552825927734,3.2737390995025635,2.157073736190796,8.05721378326416,0.04407864436507225,0.13780589401721954,3.5822644233703613,7.825018787384034,13.563111305236816,83.114501953125,84.63627662658692,84.89151000976562,82.77044677734375,79.08052825927734,84.55905151367188,0.1202506497502327,0.13127031922340393,4.612120628356934,7.858782482147217,9.869389533996582,111.0663350423177,4.543877907496049,96.18938954671223,7.208350459919719
huaping_main,31,/media/chenshuai/czy_data22/pih_dataset/260630_v8j_huaping/peg_in_hole_0630/episode_31.hdf5,474,23.7,1.0,38.274383544921875,1.2356150150299072,2.6513228893279965,239.97091674804688,170.83395385742188,49.67451095581055,168.46066284179688,88.23419189453125,6.242804527282715,46.87677764892578,8.550796508789062,1.0,0.3283504247665405,0.6686408638954162,1.013877272605896,7.165999889373779,49.733001708984375,3.9060001373291016,88.6760025024414,4.565000057220459,47.265995025634766,7.4720001220703125,10.178757667541504,32.39152374267576,1.0,0.35887420177459717,0.0007587192230857909,0.0014948026509955515,0.0022899811156094074,0.20195646584033966,0.20250800251960754,0.3904300034046173,0.18926900625228882,0.043383002281188965,-0.005297999829053879,-0.01786700077354908,0.09228499233722687,0.2882170081138611,0.27546200156211853,0.0559999942779541,3.140000104904175,3.122999906539917,0.07000000029802322,-0.006000000052154064,-0.03500000014901161,0.08299994468688965,1.9329999685287476,1.850000023841858,1.0,12.301298141479492,16.229350852966306,21.00118637084961,10.397217750549316,1.5742604732513428,20.58266258239746,0.2783665955066681,1.1773618459701538,648.5704956054688,3826.0,3.821658134460449,7.492453479766845,9.41938591003418,2.7469332218170166,2.14892315864563,5.5819783210754395,0.03793080523610115,0.07535398006439209,2.4486820697784424,4.888269615173337,7.098204612731934,80.26234436035156,82.15743904113769,82.49616241455078,80.1952133178711,74.44181823730469,82.43450164794922,0.10880354046821594,0.12151791155338287,3.352381467819214,5.074391722679138,7.795212268829346,111.5256118774414,4.93051312642939,97.05224863688152,6.081227959199903
huaping_main,32,/media/chenshuai/czy_data22/pih_dataset/260630_v8j_huaping/peg_in_hole_0630/episode_32.hdf5,429,21.45,1.0,40.4205207824707,2.129598379135132,5.085560059547422,244.42681884765625,172.8134765625,47.603023529052734,172.84707641601562,87.8441162109375,4.227579116821289,45.82863235473633,5.554069519042969,1.0,0.36927974224090576,0.7665411472320556,1.1667721271514893,4.465000152587891,47.314998626708984,1.8279998302459717,88.02799987792969,3.5910000801086426,46.00199508666992,6.224998474121094,19.0603084564209,99.38427124023433,1.0,0.37658947706222534,0.0008798819617368281,0.001854215649655088,0.0030801661778241396,0.18066003918647766,0.20331598818302155,0.3904309868812561,0.2100590020418167,0.030753999948501587,-0.005212999880313873,-0.003148999996483326,0.10082900524139404,0.2881639897823334,0.2981509864330292,0.04200005531311035,3.1410000324249268,3.128000020980835,0.05199999734759331,-0.006000000052154064,-0.02199999988079071,0.06400001049041748,1.9320000410079956,1.86899995803833,1.0,12.495476722717285,16.226100158691406,22.284059524536133,10.871116638183594,3.0739998817443848,21.897918701171875,0.251443088054657,1.1233081817626953,654.7495727539062,4207.0,3.31282114982605,4.984196090698242,6.703929424285889,2.494884490966797,1.9445985555648804,5.240906238555908,0.0331084281206131,0.060455434024333954,2.3200957775115967,4.24045352935791,8.09298038482666,80.91482543945312,82.25753479003906,83.58777618408203,80.84521484375,77.80045318603516,83.4445571899414,0.110732302069664,0.12914496660232544,3.482508897781372,5.251980686187742,8.309951782226562,111.59162902832031,4.973910812606334,96.86492665608723,5.911385418185814
huaping_main,33,/media/chenshuai/czy_data22/pih_dataset/260630_v8j_huaping/peg_in_hole_0630/episode_33.hdf5,443,22.15,1.0,38.74789810180664,1.3227629661560059,2.895445883274072,241.3301239013672,170.6138916015625,49.714717864990234,170.6640625,87.82976531982422,5.622608661651611,46.538753509521484,8.940330505371094,1.0,0.3551200330257416,0.7230242013931273,2.006122350692749,6.617000102996826,49.77799987792969,3.0500001907348633,88.18000030517578,4.347999572753906,46.7609977722168,8.118995666503906,12.031782150268555,51.837907028198195,1.0,0.38392990827560425,0.0008686197106726468,0.0017311702424194664,0.005248544737696648,0.19990012049674988,0.204584002494812,0.3903360068798065,0.1905370056629181,0.04021799936890602,-0.005235999822616577,-0.011347999796271324,0.08918699622154236,0.28837400674819946,0.2866249978542328,0.05800008773803711,3.140000104904175,3.128999948501587,0.07100000232458115,-0.006000000052154064,-0.05999999865889549,0.08799993991851807,1.9299999475479126,1.847000002861023,1.0,12.939444541931152,16.35285129547119,20.538368225097656,11.643957138061523,4.756463050842285,20.225173950195312,0.19275501370429993,0.8237059116363525,698.3363647460938,3768.0,3.1316614151000977,4.167951107025146,5.212686538696289,2.446732759475708,2.0407044887542725,3.642601251602173,0.031026402488350868,0.05117793008685112,2.2227814197540283,4.081579303741456,5.531698226928711,82.48080444335938,84.20066833496094,86.17472076416016,82.41023254394531,80.4232406616211,85.8611068725586,0.11265081912279129,0.13260677456855774,3.456836462020874,5.2381274700164795,7.532713890075684,111.27936299641927,5.006725137460382,97.8846918741862,4.497778405374645
huaping_main,34,/media/chenshuai/czy_data22/pih_dataset/260630_v8j_huaping/peg_in_hole_0630/episode_34.hdf5,487,24.35,1.0,38.02800369262695,1.1812176704406738,2.5281360149383545,227.3492431640625,161.81781005859375,49.03083419799805,159.6214599609375,91.30667114257812,7.03602933883667,49.68095397949219,11.880607604980469,1.0,0.33266282081604004,0.6464300006628036,1.185233473777771,7.700000286102295,48.9119987487793,1.409999966621399,91.44900512695312,5.375,50.06100082397461,11.174999237060547,11.105175971984863,58.27294120788573,1.0,0.37436220049858093,0.0007702925940975547,0.0015791123441886157,0.002658542711287737,0.1991802155971527,0.2096240073442459,0.3903369903564453,0.19197499752044678,0.03673800081014633,-0.005243999883532524,-0.009056000038981438,0.09613499045372009,0.28856199979782104,0.27093398571014404,0.07300019264221191,3.140000104904175,3.134999990463257,0.06499999761581421,-0.006000000052154064,-0.029999999329447746,0.06599998474121094,1.934999942779541,1.8739999532699585,1.0,12.397809982299805,16.274990844726563,22.87880516052246,9.95361328125,1.354488730430603,22.556943893432617,0.45698413252830505,2.1058716773986816,645.9993896484375,3960.0,4.466454982757568,8.78557472229004,10.156235694885254,3.2946064472198486,1.9794552326202393,7.40992546081543,0.042146533727645874,0.09024054557085037,2.893908977508545,6.470924711227417,12.35146713256836,81.24852752685547,83.36615905761718,83.90863037109375,81.17977905273438,76.70476531982422,83.82742309570312,0.10635127872228622,0.12365546822547913,3.7864444255828857,6.717667341232297,11.52211856842041,111.06080627441406,4.491415629688246,96.99162038167317,6.047180253788079
huaping_main,35,/media/chenshuai/czy_data22/pih_dataset/260630_v8j_huaping/peg_in_hole_0630/episode_35.hdf5,452,22.6,1.0,38.61896896362305,1.2793011665344238,3.466602921485901,239.80535888671875,170.76220703125,48.858642578125,168.30340576171875,85.4355697631836,5.038190841674805,45.81003189086914,8.6046142578125,1.0,0.3208489716053009,0.6089156568050385,0.9792079925537109,7.269000053405762,48.80699920654297,3.822000026702881,85.5999984741211,2.9220001697540283,45.954002380371094,7.826995849609375,10.910012245178223,51.46612491607665,1.0,0.348455548286438,0.0007726287003606558,0.001460938306991011,0.002036750316619873,0.20063035190105438,0.20296400785446167,0.3903830051422119,0.19048599898815155,0.048537999391555786,-0.005193999968469143,-0.017629999667406082,0.0943010151386261,0.28822100162506104,0.2764280140399933,0.05900001525878906,3.1410000324249268,3.1470000743865967,0.04899999871850014,-0.007000000216066837,-0.03999999910593033,0.0820000171661377,1.9329999685287476,1.8519999980926514,1.0,12.48574447631836,16.033924961090086,18.230133056640625,10.040983200073242,-5.681523323059082,17.750741958618164,0.38843032717704773,1.7536929845809937,637.0571899414062,3779.0,5.000618934631348,9.728890705108642,15.506916046142578,3.5752406120300293,2.674379348754883,8.644994735717773,0.04597676545381546,0.12606142461299896,3.0475263595581055,6.722155690193174,13.851255416870117,80.21060943603516,82.34295387268067,82.84317016601562,80.15287780761719,75.13680267333984,82.77127075195312,0.10537010431289673,0.11433916538953781,3.653512716293335,6.629420924186706,10.795100212097168,111.68934122721355,4.682222188035401,96.91936747233073,6.359459271293933
huaping_main,36,/media/chenshuai/czy_data22/pih_dataset/260630_v8j_huaping/peg_in_hole_0630/episode_36.hdf5,502,25.1,1.0,38.15264129638672,1.1209752559661865,1.943198800086975,232.4569854736328,165.5271759033203,49.74728775024414,163.14370727539062,87.30519104003906,5.225948810577393,46.686100006103516,6.687049865722656,1.0,0.2978507876396179,0.5688909292221069,1.0469778776168823,5.050000190734863,49.56100082397461,3.2890000343322754,87.31400299072266,3.5959997177124023,46.7660026550293,5.207000732421875,8.505122184753418,31.126252174377438,1.0,0.3542649447917938,0.0007071156869642437,0.0014109385665506124,0.0027208419051021338,0.2019032984972,0.206029012799263,0.39039498567581177,0.18869799375534058,0.03427699953317642,-0.0052269999869167805,-0.00938200019299984,0.09245400130748749,0.2881369888782501,0.28001299500465393,0.04700016975402832,3.1410000324249268,3.13700008392334,0.06000000238418579,-0.007000000216066837,-0.04899999871850014,0.06500005722045898,1.9329999685287476,1.86899995803833,1.0,12.110947608947754,16.232835292816162,17.628456115722656,9.31553840637207,-0.8681237697601318,17.090749740600586,0.4673795700073242,2.229522705078125,653.6035766601562,3870.0,5.045434951782227,9.028946590423583,13.20592975616455,3.3648359775543213,2.548095703125,6.689938068389893,0.04557812213897705,0.10725999623537064,3.257699489593506,6.496989130973813,10.458415985107422,78.00690460205078,81.35251808166504,81.76427459716797,77.92710876464844,71.4969711303711,81.71163940429688,0.11120875924825668,0.12388674914836884,3.7255139350891113,6.099633026123045,8.734747886657715,111.96990203857422,4.428865602635727,98.46252950032552,5.540029008292727
huaping_main,37,/media/chenshuai/czy_data22/pih_dataset/260630_v8j_huaping/peg_in_hole_0630/episode_37.hdf5,443,22.15,1.0,38.331302642822266,1.2519832849502563,2.604303967952728,217.6358184814453,159.7557373046875,48.232704162597656,158.22323608398438,87.90866088867188,5.192718505859375,48.03083419799805,8.464775085449219,1.0,0.34222742915153503,0.651070111989975,0.900253176689148,6.690000057220459,48.16800308227539,4.23900032043457,88.18700408935547,2.6649999618530273,48.25799560546875,7.55999755859375,9.885687828063965,54.08500366210935,1.0,0.3591938018798828,0.000812655664049089,0.0015430587518494574,0.0022388834040611982,0.20064762234687805,0.20328500866889954,0.39033299684524536,0.1910810023546219,0.048340000212192535,-0.005198999773710966,-0.02369599975645542,0.093874990940094,0.288318008184433,0.2736220061779022,6.2820000648498535,3.140000104904175,-3.125,0.04099999740719795,-0.007000000216066837,-0.028999999165534973,0.07499992847442627,1.9329999685287476,1.8580000400543213,1.0,12.24343204498291,16.410291481018067,23.788122177124023,10.366467475891113,1.2061588764190674,23.37873077392578,0.3137618601322174,1.4013108015060425,673.403076171875,3793.0,3.9881131649017334,6.50576968193054,8.704682350158691,3.199023723602295,2.510577440261841,5.709475040435791,0.03534293919801712,0.0814954936504364,2.8732125759124756,5.8096026420593265,9.357460975646973,79.857666015625,81.5312889099121,81.84037017822266,79.7981185913086,76.69807434082031,81.7834243774414,0.10669167339801788,0.13072240352630615,3.738433361053467,6.835011529922486,9.926034927368164,111.5171635945638,4.669586830974593,95.7117207845052,7.28915467154889
huaping_main,38,/media/chenshuai/czy_data22/pih_dataset/260630_v8j_huaping/peg_in_hole_0630/episode_38.hdf5,425,21.25,1.0,38.305912017822266,1.333414077758789,2.7239462614059438,233.38648986816406,165.11865234375,49.6894416809082,164.9265899658203,88.01445007324219,5.513570785522461,47.043697357177734,6.4442596435546875,1.0,0.36937934160232544,0.7961038619279858,1.266781210899353,4.396999835968018,49.72800064086914,3.67900013923645,88.41699981689453,4.017000198364258,47.3900032043457,7.010002136230469,9.165105819702148,34.35124969482419,1.0,0.3769911229610443,0.0008891299949027598,0.0016340114700142269,0.003258145647123456,0.2056572437286377,0.20545099675655365,0.39035800099372864,0.18497300148010254,0.032708000391721725,-0.005224000196903944,-0.00868299975991249,0.09343001246452332,0.28834301233291626,0.2783460021018982,6.281000137329102,3.140000104904175,-3.128999948501587,0.07000000029802322,-0.006000000052154064,-0.05000000074505806,0.07499992847442627,1.9329999685287476,1.8630000352859497,1.0,12.742761611938477,16.375940322875977,20.68415641784668,10.737030982971191,2.024446964263916,20.19407081604004,0.3233814835548401,1.827736258506775,705.6295776367188,4387.0,3.6916239261627197,6.063194561004638,7.953554153442383,2.8703839778900146,2.3966145515441895,4.7515459060668945,0.032540012151002884,0.07081876695156097,2.8049557209014893,5.186532306671142,8.728134155273438,80.96896362304688,82.3803955078125,83.91465759277344,80.88479614257812,77.39389038085938,83.72215270996094,0.11425819993019104,0.14066925644874573,3.8897204399108887,6.428617668151856,8.440601348876953,111.03416697184245,4.491563131309633,97.52890014648438,5.06840731325016
huaping_main,39,/media/chenshuai/czy_data22/pih_dataset/260630_v8j_huaping/peg_in_hole_0630/episode_39.hdf5,476,23.8,1.0,38.581905364990234,2.6247851848602295,4.9371486186981155,246.76101684570312,177.8455810546875,51.40814971923828,177.54861450195312,90.91787719726562,4.678403377532959,46.43822479248047,12.333709716796875,1.0,0.35401996970176697,0.834947818517685,1.3320759534835815,4.9760003089904785,51.36000061035156,3.2339999675750732,91.11100006103516,3.888000011444092,46.611000061035156,12.826004028320312,8.75246810913086,38.59634208679199,1.0,0.40895071625709534,0.0008609488722868264,0.002057731384411453,0.003456721780821681,0.2132072150707245,0.2149609923362732,0.3904019892215729,0.17816700041294098,0.03332500159740448,-0.00521499989554286,0.014144999906420708,0.09171101450920105,0.288114994764328,0.2818849980831146,6.279000282287598,3.1410000324249268,-3.117000102996826,0.06599999964237213,-0.007000000216066837,-0.029999999329447746,0.10899996757507324,1.9329999685287476,1.8240000009536743,1.0,12.259513854980469,15.85625958442688,22.82625389099121,10.65248966217041,2.9106483459472656,22.340246200561523,0.24576331675052643,0.8761419653892517,682.4859008789062,3899.0,3.7386527061462402,6.867340087890625,9.073629379272461,3.1000237464904785,2.401531219482422,6.364770889282227,0.03148646652698517,0.08087428659200668,2.737260341644287,5.348740816116333,10.644930839538574,81.02507781982422,82.61258125305176,84.32866668701172,80.96160125732422,78.0393295288086,84.3091049194336,0.10844862461090088,0.11894732713699341,3.7712042331695557,6.635179877281189,12.228974342346191,110.43297831217448,4.981010885278825,97.46256764729817,4.237006949569289
huaping_main,40,/media/chenshuai/czy_data22/pih_dataset/260630_v8j_huaping/peg_in_hole_0630/episode_40.hdf5,448,22.4,1.0,37.995086669921875,1.2128863334655762,1.1358629882335636,216.200439453125,156.630859375,49.41381072998047,156.5753173828125,89.05081939697266,5.3380303382873535,48.97185134887695,8.498397827148438,1.0,0.3533616065979004,0.7091319203376769,1.692945957183838,5.98199987411499,49.305999755859375,2.5380001068115234,89.21699523925781,3.933000087738037,49.159996032714844,8.012001037597656,8.554455757141113,28.940374660491937,1.0,0.372840940952301,0.0008340960484929383,0.0016295828623697159,0.004591981880366802,0.2053314596414566,0.20843800902366638,0.3903850018978119,0.18558500707149506,0.04131399840116501,-0.005177999846637249,-0.013636000454425812,0.09601598978042603,0.28817498683929443,0.27607399225234985,6.279000282287598,3.140000104904175,-3.121000051498413,0.058000002056360245,-0.006000000052154064,-0.03500000014901161,0.07799994945526123,1.9329999685287476,1.8550000190734863,1.0,12.241592407226562,16.087651443481445,20.900020599365234,9.477777481079102,-5.368111610412598,20.438098907470703,0.456942081451416,2.187307596206665,678.2257690429688,3927.0,4.82565975189209,11.998918819427486,18.013351440429688,3.5132172107696533,2.6338729858398438,9.2263822555542,0.04003189131617546,0.13133351504802704,3.156601667404175,7.079025602340699,13.980425834655762,79.37384796142578,82.11104393005371,82.60282135009766,79.3188247680664,76.03181457519531,82.54936981201172,0.10179656744003296,0.12339581549167633,3.6988821029663086,6.495365571975708,9.106834411621094,111.44882710774739,4.41643407614856,97.06711832682292,6.345594381201239
huaping_main,41,/media/chenshuai/czy_data22/pih_dataset/260630_v8j_huaping/peg_in_hole_0630/episode_41.hdf5,444,22.2,1.0,38.279441833496094,1.4829607009887695,2.1648456096649165,216.22056579589844,154.11358642578125,50.468833923339844,151.58396911621094,86.10560607910156,5.999624252319336,45.990936279296875,10.018356323242188,1.0,0.3444552421569824,0.7127735674381254,1.3445827960968018,5.793999671936035,50.27400207519531,2.8980000019073486,86.23999786376953,4.225000381469727,46.01899719238281,7.4889984130859375,7.417739391326904,29.272552680969227,1.0,0.36354804039001465,0.0008206501952372491,0.0016943451249971982,0.0039574452675879,0.20164479315280914,0.20612898468971252,0.3903540074825287,0.18889400362968445,0.03941299766302109,-0.0052109998650848866,-0.004958000034093857,0.08838099241256714,0.2883419990539551,0.27971500158309937,6.2820000648498535,3.140000104904175,-3.127000093460083,0.04899999871850014,-0.006000000052154064,-0.02800000086426735,0.07300007343292236,1.9329999685287476,1.8609999418258667,1.0,13.270852088928223,16.278940868377685,22.92591094970703,11.924517631530762,6.149569034576416,22.397369384765625,0.12955859303474426,0.7730885744094849,666.9942016601562,3852.0,2.71565318107605,3.9069476246833803,3.964226722717285,1.592867136001587,0.9572588205337524,1.9608503580093384,0.02486083284020424,0.03851430490612984,1.7342467308044434,3.0027637004852292,3.508166551589966,74.42951965332031,75.69778518676758,75.91453552246094,74.410400390625,73.19896697998047,75.88997650146484,0.057475149631500244,0.06105177849531174,1.9700738191604614,3.828633856773376,4.743226528167725,111.25095876057942,4.806730539547151,96.60356140136719,5.554107686706856
huaping_main,42,/media/chenshuai/czy_data22/pih_dataset/260630_v8j_huaping/peg_in_hole_0630/episode_42.hdf5,468,23.4,1.0,38.32794952392578,1.300873875617981,1.9801900863647452,224.7793731689453,158.9267120361328,49.75312042236328,158.94223022460938,89.91317749023438,6.328236103057861,46.75788879394531,10.808773040771484,1.0,0.36488690972328186,0.8087364315986633,1.5985502004623413,6.734000205993652,49.82099914550781,2.8470001220703125,90.21299743652344,5.019000053405762,46.978004455566406,9.869003295898438,8.915482521057129,38.3411878585815,1.0,0.4145914316177368,0.0008877760847099125,0.0020865010563284156,0.004041959531605244,0.19782713055610657,0.21273300051689148,0.3903450071811676,0.1930450052022934,0.039212003350257874,-0.005204000044614077,-0.007098999805748463,0.10640998184680939,0.2883169949054718,0.302623987197876,6.2820000648498535,3.1410000324249268,-3.128999948501587,0.08300000429153442,-0.007000000216066837,-0.04899999871850014,0.07899999618530273,1.9329999685287476,1.8539999723434448,1.0,13.156913757324219,17.440914916992188,21.73015785217285,10.099308013916016,-0.7166585922241211,21.03685760498047,0.4908137321472168,3.324146270751953,672.9310302734375,3858.0,3.348961353302002,9.289133930206297,12.040719985961914,1.9214438199996948,0.9311842322349548,5.842677593231201,0.028768131509423256,0.08891703933477402,2.107290267944336,4.803178024291993,10.494380950927734,72.6490707397461,74.42444725036621,74.98487854003906,72.62216186523438,68.08184814453125,74.97877502441406,0.057847630232572556,0.08788464218378067,2.347898006439209,4.4213258028030396,8.838760375976562,112.21013641357422,4.774079948857831,97.77766927083333,5.551530142253279
huaping_main,43,/media/chenshuai/czy_data22/pih_dataset/260630_v8j_huaping/peg_in_hole_0630/episode_43.hdf5,461,23.05,1.0,38.27186584472656,1.22941255569458,2.466783809661863,235.6168212890625,166.6819610595703,50.058441162109375,166.5184326171875,86.02386474609375,4.681882858276367,47.40928649902344,6.607963562011719,1.0,0.32626625895500183,0.649660202860832,1.0859509706497192,4.978000164031982,50.05699920654297,4.13100004196167,86.25499725341797,4.514999866485596,47.75199508666992,5.635002136230469,9.162483215332031,36.78840637207031,1.0,0.3544972836971283,0.0007706462638452649,0.0013863860513083628,0.002243664348497987,0.2044152468442917,0.20405800640583038,0.3903700113296509,0.18638700246810913,0.044488001614809036,-0.005187999922782183,-0.014179999940097332,0.09297499060630798,0.28824299573898315,0.2784619927406311,0.06100010871887207,3.140000104904175,3.1480000019073486,0.05299999937415123,-0.006000000052154064,-0.014000000432133675,0.057000041007995605,1.9329999685287476,1.8830000162124634,1.0,12.978503227233887,17.013050079345703,20.87852668762207,9.886911392211914,-1.2660512924194336,19.271636962890625,0.4891761243343353,3.776949644088745,713.5209350585938,3906.0,3.608534574508667,10.484138488769531,13.52025318145752,2.0252761840820312,0.9670283794403076,7.00559663772583,0.032004471868276596,0.1034877747297287,2.268404245376587,5.4699883460998535,13.249208450317383,72.34174346923828,74.49549865722656,77.7100601196289,72.30587005615234,66.45745086669922,77.61441040039062,0.0569925419986248,0.08743303269147873,2.398061990737915,4.713499069213867,10.25916576385498,111.92303466796875,4.660324168476633,96.31959025065105,7.543877832809802
huaping_main,44,/media/chenshuai/czy_data22/pih_dataset/260630_v8j_huaping/peg_in_hole_0630/episode_44.hdf5,499,24.95,1.0,39.622779846191406,1.1823879480361938,2.5650297999381975,234.94239807128906,167.3031005859375,48.1424674987793,164.88873291015625,84.53726196289062,5.059150695800781,44.60785675048828,11.252342224121094,1.0,0.303012490272522,0.5424526572227478,0.8885378241539001,6.192000389099121,47.99300003051758,2.6690001487731934,84.76399230957031,3.4730000495910645,44.69300079345703,9.579994201660156,14.469598770141602,67.19951553344723,1.0,0.3721146285533905,0.0007472181459888816,0.0013782392663415517,0.002655362943187356,0.19330966472625732,0.20341001451015472,0.39034798741340637,0.1970680058002472,0.037615999579429626,-0.0052189999260008335,-0.0028059999458491802,0.09366999566555023,0.28832000494003296,0.29069799184799194,6.281000137329102,3.140000104904175,-3.114000082015991,0.053999997675418854,-0.006000000052154064,-0.03099999949336052,0.09100008010864258,1.9320000410079956,1.8420000076293945,1.0,13.238057136535645,16.071729469299314,18.46249771118164,11.57925033569336,5.766439437866211,17.612823486328125,0.23369337618350983,1.2714484930038452,666.4472045898438,3913.0,2.557621479034424,3.7313780069351195,4.687567234039307,1.7894850969314575,0.9617891907691956,4.369950294494629,0.022352321073412895,0.03539269417524338,1.9411137104034424,3.6178383588790877,5.91560173034668,72.03937530517578,73.68984375,73.98847198486328,72.01034545898438,67.52505493164062,73.9574203491211,0.05558513477444649,0.06245190650224686,2.473897695541382,4.833250141143798,8.309781074523926,111.00057983398438,5.318973071768231,96.8403549194336,5.5394265585901845
huaping_main,45,/media/chenshuai/czy_data22/pih_dataset/260630_v8j_huaping/peg_in_hole_0630/episode_45.hdf5,461,23.05,1.0,38.617916107177734,1.2897785902023315,2.115252923965453,237.26007080078125,167.79043579101562,50.685569763183594,167.73455810546875,89.85318756103516,4.933888912200928,48.33798599243164,7.654685974121094,1.0,0.3522261381149292,0.6225389271974561,0.9624100923538208,5.195999622344971,50.64899826049805,3.1089999675750732,90.01799774169922,4.243000030517578,48.545997619628906,6.778999328613281,9.964534759521484,32.00236892700195,1.0,0.3780844807624817,0.0008219227893278003,0.0014673753408715124,0.002559743821620941,0.19700400531291962,0.2075660079717636,0.3903380036354065,0.19335199892520905,0.036948997527360916,-0.005224000196903944,-0.005594000220298767,0.09464499354362488,0.28837698698043823,0.29101499915122986,0.06299996376037598,3.140000104904175,3.1519999504089355,0.054999999701976776,-0.006000000052154064,-0.03200000151991844,0.06800007820129395,1.9320000410079956,1.8660000562667847,1.0,12.926117897033691,16.796146392822266,20.31778335571289,10.632513999938965,-0.1969568431377411,19.771068572998047,0.34771615266799927,2.5451738834381104,678.8391723632812,3749.0,3.2764647006988525,7.885450839996338,11.617236137390137,2.0226619243621826,1.205734133720398,6.233791351318359,0.02758803218603134,0.08329276740550995,2.105220317840576,4.384812355041504,8.197017669677734,72.44332885742188,74.32901763916016,74.63533782958984,72.41434478759766,69.32945251464844,74.6020278930664,0.05695994943380356,0.06841984391212463,2.347545623779297,4.449433326721191,7.474269390106201,111.83680725097656,4.8445927522414705,97.07680257161458,5.678257639496186
huaping_main,46,/media/chenshuai/czy_data22/pih_dataset/260630_v8j_huaping/peg_in_hole_0630/episode_46.hdf5,438,21.9,1.0,39.342777252197266,1.5403327941894531,4.3686223983764645,249.52374267578125,176.31240844726562,48.928714752197266,176.55624389648438,89.55455017089844,4.639164447784424,46.551307678222656,10.124259948730469,1.0,0.3714154362678528,0.6687864303588866,0.8299999833106995,6.894000053405762,48.82099914550781,2.988999843597412,89.70600128173828,3.682000160217285,46.7339973449707,10.727005004882812,14.837257385253906,67.97378616333005,1.0,0.3958497643470764,0.0009058347204700112,0.001538192247971892,0.002435328671708703,0.1953366994857788,0.20852001011371613,0.39028200507164,0.19508300721645355,0.03946499899029732,-0.0052200001664459705,-0.0006849999772384763,0.09033699333667755,0.2885259985923767,0.2827630043029785,0.04799985885620117,3.1389999389648438,3.130000114440918,0.05700000002980232,-0.004999999888241291,-0.023000000044703484,0.08000004291534424,1.9320000410079956,1.8600000143051147,1.0,12.564212799072266,16.05785903930664,18.959716796875,10.720691680908203,2.339745044708252,18.30854034423828,0.28752732276916504,1.244102954864502,667.4931640625,3830.0,3.038544178009033,5.75850784778595,7.190237998962402,2.1161303520202637,1.1823149919509888,5.938807010650635,0.025556685402989388,0.05323061719536781,2.176971435546875,4.7578047990798975,8.395587921142578,72.45103454589844,73.99667892456054,74.50801849365234,72.42410278320312,68.88683319091797,74.47761535644531,0.05573635548353195,0.07056614011526108,2.6722664833068848,6.013064551353454,9.545804023742676,110.72494506835938,5.018512206900047,96.90380096435547,5.387909933956121
huaping_main,47,/media/chenshuai/czy_data22/pih_dataset/260630_v8j_huaping/peg_in_hole_0630/episode_47.hdf5,497,24.85,1.0,38.37117385864258,1.1902161836624146,2.7522870898246765,242.82131958007812,172.7806854248047,51.26007080078125,170.53639221191406,90.3355712890625,4.7427978515625,48.00648880004883,10.141712188720703,1.0,0.3003808259963989,0.5414028614759445,1.49043869972229,6.678999900817871,51.30299758911133,1.281000018119812,90.56400299072266,3.7970001697540283,48.22999954223633,9.402996063232422,10.310966491699219,42.99873504638671,1.0,0.3464592397212982,0.0006985065410844982,0.0012752332841046154,0.0019289874471724033,0.20817913115024567,0.2104709893465042,0.39035099744796753,0.18350599706172943,0.032919999212026596,-0.005235000047832727,-0.0050409999676048756,0.09230799973011017,0.2883540093898773,0.2648240029811859,0.057000160217285156,3.140000104904175,3.1050000190734863,0.0559999980032444,-0.006000000052154064,-0.035999998450279236,0.07799994945526123,1.9320000410079956,1.871000051498413,1.0,12.581084251403809,16.160286712646485,18.6226806640625,10.638591766357422,2.2398102283477783,18.055259704589844,0.33007118105888367,1.5956181287765503,652.2880249023438,3790.0,3.0775442123413086,4.827105712890625,6.14462947845459,2.0786309242248535,1.1249853372573853,4.901520729064941,0.02659572847187519,0.049998026341199875,2.1558656692504883,4.051951980590819,6.954409122467041,73.20220184326172,74.98175964355468,75.70404052734375,73.17717742919922,69.10928344726562,75.67280578613281,0.0539061464369297,0.0676078125834465,2.714451789855957,5.117894077301025,8.272727012634277,111.71348571777344,3.6382109121896384,97.56960805257161,5.38294467399235
huaping_main,48,/media/chenshuai/czy_data22/pih_dataset/260630_v8j_huaping/peg_in_hole_0630/episode_48.hdf5,499,24.95,1.0,39.23616027832031,1.1884788274765015,3.097601604461669,245.52975463867188,173.631591796875,48.40390396118164,173.58938598632812,88.88571166992188,4.739473819732666,46.83753967285156,6.76483154296875,1.0,0.3075164556503296,0.5829750776290893,0.8185432553291321,5.4770002365112305,48.33500289916992,2.450000047683716,89.01200103759766,3.820000171661377,46.854000091552734,6.077003479003906,13.193144798278809,63.20710639953603,1.0,0.37280669808387756,0.0007486078538931906,0.0012840665061958133,0.002210610546171665,0.192595437169075,0.2053920179605484,0.3903520107269287,0.19807100296020508,0.0356610007584095,-0.00520200002938509,-0.0036039999686181545,0.09629398584365845,0.28812798857688904,0.2772440016269684,0.03800010681152344,3.1410000324249268,3.13100004196167,0.061000000685453415,-0.007000000216066837,-0.024000000208616257,0.07400000095367432,1.9320000410079956,1.8680000305175781,1.0,12.797648429870605,16.23762493133545,18.593868255615234,10.211926460266113,-1.9512298107147217,18.09459114074707,0.3737645447254181,1.9028066396713257,652.072998046875,3907.0,3.3604822158813477,6.567446136474609,8.61373519897461,2.019120693206787,1.1990877389907837,5.256746292114258,0.030271943658590317,0.07541731745004654,2.264126777648926,4.583257627487182,7.946293830871582,72.5336685180664,74.90971145629882,76.15669250488281,72.5041732788086,67.3882827758789,76.12126922607422,0.059003040194511414,0.09463287889957428,2.5638508796691895,4.74306058883667,7.89443826675415,112.1402079264323,4.379612665908544,96.93331654866536,5.726641456007209
huaping_main,49,/media/chenshuai/czy_data22/pih_dataset/260630_v8j_huaping/peg_in_hole_0630/episode_49.hdf5,441,22.05,1.0,38.74510192871094,1.2497981786727905,2.815007150173154,217.3812713623047,161.85858154296875,48.46967315673828,159.3722686767578,88.76310729980469,5.326582908630371,48.685550689697266,11.049392700195312,1.0,0.3284572958946228,0.5973420441150664,0.9124771952629089,8.48699951171875,48.43499755859375,3.8610000610351562,89.0459976196289,4.1570000648498535,48.99300003051758,9.842998504638672,12.288739204406738,56.46708297729492,1.0,0.33675050735473633,0.0007653420907445252,0.0013485061295796185,0.0020785874221473932,0.20386429131031036,0.20073801279067993,0.3904060125350952,0.18999899923801422,0.04822099953889847,-0.005224999971687794,-0.019859999418258667,0.09084801375865936,0.28817498683929443,0.2537730038166046,0.04200005531311035,3.140000104904175,3.134999990463257,0.0650000050663948,-0.006000000052154064,-0.041999999433755875,0.0820000171661377,1.9320000410079956,1.8509999513626099,1.0,12.747657775878906,16.282310485839844,17.519624710083008,10.89456844329834,2.896273612976074,16.8333740234375,0.2851159870624542,1.9750680923461914,671.5921630859375,3848.0,2.851022720336914,5.812877655029297,8.456439018249512,1.8960318565368652,1.2403839826583862,5.565607070922852,0.023667896166443825,0.06312823295593262,1.9537339210510254,3.660930871963501,8.272497177124023,72.72965240478516,74.1213607788086,74.50330352783203,72.69926452636719,69.72989654541016,74.4765625,0.05682380124926567,0.06409870833158493,2.44087290763855,4.641741752624512,8.626201629638672,112.27444712320964,4.276738567876041,96.90149943033855,6.217373181778311
huaping_main,50,/media/chenshuai/czy_data22/pih_dataset/260630_v8j_huaping/peg_in_hole_0630/episode_50.hdf5,432,21.6,1.0,38.192474365234375,1.2926735877990723,2.128498911857605,212.0599365234375,150.08062744140625,49.136634826660156,149.7967529296875,88.86183166503906,4.847555637359619,46.842384338378906,10.456306457519531,1.0,0.371791273355484,0.7957346737384796,1.9525294303894043,9.45199966430664,49.15399932861328,4.598999977111816,89.09100341796875,3.6480000019073486,46.99599838256836,9.384998321533203,9.807276725769043,35.97470684051513,1.0,0.38053902983665466,0.000882921158336103,0.0018151114927604795,0.004917609505355358,0.20268705487251282,0.20716001093387604,0.39041000604629517,0.18876700103282928,0.057367000728845596,-0.005216000135987997,-0.025699999183416367,0.09213298559188843,0.2881389856338501,0.28654399514198303,0.05799984931945801,3.1410000324249268,3.1470000743865967,0.06199999898672104,-0.007000000216066837,-0.06400000303983688,0.09200000762939453,1.9329999685287476,1.840999960899353,1.0,12.351073265075684,16.652476596832276,26.028976440429688,9.547759056091309,-2.5195748805999756,25.598365783691406,0.4619438648223877,1.7647415399551392,640.9540405273438,3899.0,4.223733901977539,9.02481837272644,10.896207809448242,2.5220932960510254,1.153586506843567,5.76848030090332,0.03532562404870987,0.08143578469753265,2.580979347229004,5.713616061210632,8.599549293518066,71.83767700195312,74.1666316986084,74.788330078125,71.80845642089844,66.85458374023438,74.7862777709961,0.05756022036075592,0.08397393673658371,2.6655797958374023,5.358555197715758,8.580974578857422,112.82323455810547,5.153267799538891,97.34862518310547,5.826079158418076
huaping_main,51,/media/chenshuai/czy_data22/pih_dataset/260630_v8j_huaping/peg_in_hole_0630/episode_51.hdf5,411,20.55,1.0,39.05156326293945,1.44041109085083,2.8505442500114277,199.1640167236328,148.5721435546875,50.765872955322266,146.1701202392578,86.017333984375,7.162210464477539,49.41649627685547,9.783348083496094,1.0,0.36220383644104004,0.6396296352148052,1.1709239482879639,7.809999942779541,50.56100082397461,3.263000011444092,86.20800018310547,5.432000160217285,49.548004150390625,7.312995910644531,8.785296440124512,36.42543411254883,1.0,0.3421374261379242,0.0008344814996235073,0.0014719089725986122,0.002092130947858095,0.19857361912727356,0.20105800032615662,0.3903760015964508,0.19200499355793,0.04907799884676933,-0.005197999998927116,-0.01282699964940548,0.09202401340007782,0.2883540093898773,0.2836399972438812,0.06300020217895508,3.1389999389648438,3.128999948501587,0.05000000074505806,-0.006000000052154064,0.012000000104308128,0.10199999809265137,1.9329999685287476,1.8309999704360962,1.0,12.42039680480957,15.985506534576416,18.085445404052734,10.436488151550293,1.5737035274505615,17.652698516845703,0.271796852350235,1.8034757375717163,687.0736694335938,3915.0,3.0978000164031982,7.358675479888916,8.911504745483398,2.0829899311065674,1.529363989830017,5.726741313934326,0.03134942427277565,0.08005784451961517,2.0306761264801025,4.3624091148376465,8.418832778930664,148.39198303222656,149.21788787841797,149.61105346679688,148.32809448242188,145.5755157470703,149.5608673095703,0.13835622370243073,0.15951913595199585,3.041391134262085,4.808478832244873,7.228261947631836,113.3440170288086,4.9030383036966265,96.27588399251302,8.191067646953277
huaping_main,52,/media/chenshuai/czy_data22/pih_dataset/260630_v8j_huaping/peg_in_hole_0630/episode_52.hdf5,444,22.2,1.0,38.05311965942383,1.2609608173370361,1.1290301799774147,208.5252685546875,148.6382293701172,51.08241271972656,146.17120361328125,87.23529052734375,7.098954677581787,47.10224533081055,9.13262939453125,1.0,0.33515024185180664,0.6929367661476133,1.5602526664733887,4.490000247955322,50.928001403808594,3.6720001697540283,87.41200256347656,4.836999893188477,47.374000549316406,6.291999816894531,7.0802130699157715,23.842324542999254,1.0,0.3422357738018036,0.0007725412724539638,0.0015177458873949937,0.0041662040166556835,0.2062021940946579,0.20899100601673126,0.3904249966144562,0.18450599908828735,0.03832000121474266,-0.005183999892324209,-0.009750000201165676,0.09257198870182037,0.2881479859352112,0.27835699915885925,0.05500006675720215,3.140000104904175,3.131999969482422,0.06700000166893005,-0.007000000216066837,-0.029999999329447746,0.07499992847442627,1.9329999685287476,1.8580000400543213,1.0,12.422016143798828,16.541481018066406,22.35486602783203,9.0553617477417,-2.5770716667175293,21.91470718383789,0.4827418625354767,2.1520612239837646,653.6318969726562,3823.0,5.172715663909912,14.649849796295166,16.71420669555664,3.1251742839813232,1.63516366481781,8.418157577514648,0.04500085860490799,0.12665946781635284,3.200479507446289,7.784234309196471,12.486144065856934,146.4927978515625,149.39336318969725,149.79583740234375,146.43313598632812,141.647216796875,149.7455291748047,0.1263839453458786,0.14751426875591278,3.396799325942993,6.3335205078125,10.164575576782227,113.00234731038411,4.259968510490952,98.74053700764973,6.580431106983854
huaping_main,53,/media/chenshuai/czy_data22/pih_dataset/260630_v8j_huaping/peg_in_hole_0630/episode_53.hdf5,362,18.1,1.0,38.73396301269531,1.559310793876648,3.2324209213256836,224.44737243652344,158.64456176757812,49.382530212402344,158.75926208496094,88.80970764160156,6.543960094451904,47.788818359375,9.650142669677734,1.0,0.4053805470466614,0.7669692039489746,0.9898970127105713,6.052000045776367,49.55400085449219,1.6119999885559082,89.31600189208984,5.309999942779541,48.3910026550293,8.785999298095703,12.870977401733398,65.62383651733398,1.0,0.32985252141952515,0.0009137188899330795,0.0016420138999819756,0.0022360626608133316,0.20567578077316284,0.21037299931049347,0.39035099744796753,0.1860080063343048,0.02804199978709221,-0.005191999953240156,-0.0018739999504759908,0.0926010012626648,0.2882950007915497,0.26515498757362366,0.07800006866455078,3.1410000324249268,3.134999990463257,0.07200000435113907,-0.006000000052154064,-0.050999999046325684,0.07899999618530273,1.9329999685287476,1.8539999723434448,1.0,12.766806602478027,16.39109926223755,23.31643295288086,10.76073932647705,0.12905846536159515,22.881223678588867,0.30653032660484314,1.4917724132537842,652.2671508789062,3867.0,3.549225330352783,8.0316100358963,11.0826997756958,2.403803825378418,1.8817670345306396,5.484843730926514,0.03186216577887535,0.09443523734807968,2.5838587284088135,5.361176705360411,9.020153045654297,145.88742065429688,147.17035980224608,147.7119903564453,145.84088134765625,143.19064331054688,147.65176391601562,0.12439142167568207,0.14157594740390778,2.976771116256714,4.4888932466506954,6.127849102020264,111.63385772705078,4.502280560013547,98.68874104817708,4.833263706151225
huaping_main,54,/media/chenshuai/czy_data22/pih_dataset/260630_v8j_huaping/peg_in_hole_0630/episode_54.hdf5,434,21.7,1.0,38.78297805786133,1.363603949546814,3.5818050861358635,246.91452026367188,175.67529296875,49.30070114135742,173.43695068359375,90.45130157470703,5.953805923461914,48.361412048339844,7.634162902832031,1.0,0.3331538140773773,0.6043897390365597,1.467395544052124,5.508999824523926,49.19300079345703,2.7249999046325684,90.52299499511719,3.5320000648498535,48.43199920654297,5.562004089355469,11.612652778625488,57.01247196197509,1.0,0.33473682403564453,0.0007730642682872713,0.0012888241326436396,0.0017292584525421262,0.21009914577007294,0.21178899705410004,0.3903299868106842,0.18336400389671326,0.03300900012254715,-0.005233000032603741,-0.005475999787449837,0.09344398975372314,0.2883409857749939,0.25219300389289856,0.05099987983703613,3.1410000324249268,3.13100004196167,0.058000002056360245,-0.007000000216066837,-0.050999999046325684,0.07300007343292236,1.9320000410079956,1.8589999675750732,1.0,12.395913124084473,16.167425251007078,18.79669761657715,8.758999824523926,-2.9560458660125732,18.091663360595703,0.5548899173736572,2.519698143005371,616.3568115234375,3680.0,5.686583995819092,12.236101484298706,14.129068374633789,3.5197548866271973,1.9462498426437378,7.485893249511719,0.04890685901045799,0.11431363224983215,3.4259397983551025,7.60006022453308,11.928488731384277,144.27362060546875,147.3469009399414,147.61978149414062,144.21522521972656,138.79307556152344,147.58621215820312,0.12268569320440292,0.14399054646492004,3.1366806030273438,5.459882712364196,7.901307106018066,111.51367950439453,3.920953785467845,98.12483469645183,4.998032948939334
huaping_main,55,/media/chenshuai/czy_data22/pih_dataset/260630_v8j_huaping/peg_in_hole_0630/episode_55.hdf5,362,18.1,1.0,38.657562255859375,1.5669506788253784,3.0196754932403564,227.42832946777344,166.86892700195312,48.34600067138672,164.4698486328125,89.80150604248047,7.1387786865234375,47.593685150146484,6.445854187011719,1.0,0.41518163681030273,0.7389178276062012,1.137087106704712,5.085999965667725,48.22599792480469,2.740000009536743,89.9990005493164,5.122000217437744,47.79399490356445,5.357002258300781,12.43320083618164,48.73911533355712,1.0,0.3558793365955353,0.0009858153061941266,0.0016638836823403835,0.0031518107280135155,0.2076857089996338,0.20888298749923706,0.3903700113296509,0.18524500727653503,0.03378299996256828,-0.005233000032603741,-0.0131029998883605,0.09644100069999695,0.2882719933986664,0.2567259967327118,6.2820000648498535,3.1410000324249268,-3.119999885559082,0.07699999958276749,-0.006000000052154064,-0.028999999165534973,0.0559999942779541,1.9329999685287476,1.8799999952316284,1.0,12.836429595947266,18.554467868804927,21.039499282836914,8.417619705200195,-6.455801963806152,20.426197052001953,0.6513573527336121,3.6778194904327393,683.363037109375,3932.0,6.557392597198486,15.09052276611328,18.52140998840332,4.129983901977539,2.073465585708618,9.155694961547852,0.049880627542734146,0.13901668787002563,4.259584903717041,9.951374530792235,16.740835189819336,141.50735473632812,145.76938247680664,146.3064727783203,141.4695587158203,134.8351593017578,146.269775390625,0.10427751392126083,0.13731493055820465,3.350111961364746,6.95183968544006,10.9896821975708,111.03788503011067,4.191415541112908,96.2269795735677,6.899619702061072
huaping_main,56,/media/chenshuai/czy_data22/pih_dataset/260630_v8j_huaping/peg_in_hole_0630/episode_56.hdf5,423,21.15,1.0,37.879798889160156,1.3216044902801514,2.095105671882629,228.85777282714844,161.90176391601562,50.539268493652344,161.73907470703125,88.69022369384766,4.219335079193115,47.64439010620117,8.045425415039062,1.0,0.3603971600532532,0.6906219094991684,0.9966548681259155,5.569000244140625,50.63199996948242,3.010000228881836,88.95899963378906,3.5239996910095215,47.867000579833984,7.532997131347656,8.035941123962402,32.52997970581052,1.0,0.36032262444496155,0.000853845092933625,0.001456661470001563,0.0026166506577283144,0.20640507340431213,0.20604000985622406,0.390394002199173,0.18542200326919556,0.03957600146532059,-0.005247999913990498,-0.013558000326156616,0.09424300491809845,0.2883470058441162,0.2655330002307892,0.05500006675720215,3.140000104904175,3.111999988555908,0.05000000074505806,-0.006000000052154064,-0.027000000700354576,0.07600009441375732,1.9320000410079956,1.8559999465942383,1.0,12.957723617553711,16.766506958007813,20.59234046936035,10.2537841796875,-1.568634033203125,20.086532592773438,0.4488317370414734,2.9875314235687256,680.3671264648438,3828.0,4.264128684997559,10.7575249671936,13.002959251403809,3.072819709777832,2.2250328063964844,6.603671073913574,0.030268365517258644,0.10515405237674713,3.1997201442718506,6.514306354522705,12.102770805358887,141.84158325195312,144.06008758544922,144.81239318847656,141.8230438232422,139.05149841308594,144.80564880371094,0.09300267696380615,0.138554185628891,2.7248525619506836,4.716229438781738,8.610794067382812,112.37267812093098,4.6469397759408055,97.58329772949219,6.091974272554914
huaping_main,57,/media/chenshuai/czy_data22/pih_dataset/260630_v8j_huaping/peg_in_hole_0630/episode_57.hdf5,418,20.9,1.0,38.19776916503906,1.5402030944824219,1.7148531436920156,208.92330932617188,147.85374450683594,50.28404235839844,147.5894775390625,88.6954345703125,6.043582916259766,49.677791595458984,8.549507141113281,1.0,0.3782096803188324,0.7410336017608642,1.5133978128433228,5.063999652862549,50.025001525878906,4.359999656677246,88.85600280761719,4.120999813079834,49.93500518798828,9.28900146484375,8.3129301071167,30.566563129425035,1.0,0.36871659755706787,0.0008842124370858073,0.0016453569522127509,0.0039464859291911125,0.2053062915802002,0.21010001003742218,0.3903520107269287,0.18539300560951233,0.041384000331163406,-0.00521499989554286,-0.013477999716997147,0.09893798828125,0.2884010076522827,0.27978700399398804,6.2820000648498535,3.140000104904175,-3.128999948501587,0.03399999812245369,-0.006000000052154064,-0.023000000044703484,0.07899999618530273,1.9329999685287476,1.8539999723434448,1.0,13.372037887573242,16.891686344146727,23.108055114746094,9.393640518188477,-9.305604934692383,21.768798828125,0.5529088377952576,4.0268449783325195,702.1377563476562,4037.0,5.335257530212402,14.609611320495599,17.892690658569336,3.628544807434082,2.328141450881958,9.572590827941895,0.04202357307076454,0.14639443159103394,3.6319804191589355,8.89281091690063,17.362550735473633,141.44886779785156,143.94943618774414,144.2725830078125,141.43112182617188,134.7381134033203,144.2626190185547,0.09786836057901382,0.11272343248128891,3.1192944049835205,5.752247953414916,11.833699226379395,112.59815470377605,4.586466339681786,97.14287567138672,7.108560099936475
huaping_main,58,/media/chenshuai/czy_data22/pih_dataset/260630_v8j_huaping/peg_in_hole_0630/episode_58.hdf5,396,19.8,1.0,38.738670349121094,1.5818328857421875,4.872669935226412,234.5845184326172,170.02963256835938,49.87773895263672,167.88400268554688,90.9083480834961,4.718918800354004,48.715538024902344,7.7479705810546875,1.0,0.37632429599761963,0.8099924504756909,1.4635556936264038,5.72599983215332,49.9530029296875,2.8510000705718994,91.29100036621094,3.05299973487854,49.08700180053711,6.329002380371094,11.908025741577148,68.65635681152344,1.0,0.34562385082244873,0.000874997116625309,0.0015118850977160017,0.0036222413182258606,0.20839565992355347,0.21151500940322876,0.39033299684524536,0.18446099758148193,0.03440199792385101,-0.005206999834626913,-0.009258000180125237,0.09391199052333832,0.28819701075553894,0.2561179995536804,0.057000160217285156,3.140000104904175,3.114000082015991,0.050999999046325684,-0.006000000052154064,-0.03999999910593033,0.06599998474121094,1.9329999685287476,1.8669999837875366,1.0,12.560563087463379,16.631191730499268,23.253158569335938,8.73150634765625,-4.9397807121276855,22.928348541259766,0.5510383248329163,2.563929796218872,627.3770141601562,3778.0,5.897299289703369,13.733630657196045,15.519140243530273,3.8938026428222656,2.7232213020324707,7.473978042602539,0.048162102699279785,0.13136209547519684,3.9900519847869873,8.780443906784058,14.509101867675781,141.56797790527344,144.3066520690918,144.7518310546875,141.54998779296875,136.74436950683594,144.74205017089844,0.09841495007276535,0.13774177432060242,3.5501577854156494,6.8566213846206665,12.405496597290039,112.04797108968098,4.15042118497113,98.36517588297527,5.371394215164232
huaping_main,59,/media/chenshuai/czy_data22/pih_dataset/260630_v8j_huaping/peg_in_hole_0630/episode_59.hdf5,468,23.4,1.0,37.866912841796875,1.1524109840393066,1.6716914176940911,214.90057373046875,151.90118408203125,51.63806915283203,152.00112915039062,87.56532287597656,3.335970401763916,45.30693435668945,10.469627380371094,1.0,0.3215900659561157,0.5935665607452392,0.7588896155357361,6.296000003814697,51.641998291015625,2.9759998321533203,87.67900085449219,2.633999824523926,45.4010009765625,11.311004638671875,6.309793472290039,26.803624153137193,1.0,0.3773311972618103,0.0008079897379502654,0.0013409751816652715,0.0018564381171017885,0.21527992188930511,0.214028000831604,0.3903520107269287,0.17767900228500366,0.03569500148296356,-0.0052109998650848866,0.01564200036227703,0.09109200537204742,0.28835898637771606,0.26226699352264404,6.281000137329102,3.140000104904175,3.128999948501587,0.05700000002980232,-0.006000000052154064,-0.032999999821186066,0.07700002193450928,1.9329999685287476,1.8650000095367432,1.0,12.982751846313477,15.867945623397826,16.526165008544922,11.17656135559082,2.5064518451690674,15.865278244018555,0.33038273453712463,1.5916049480438232,669.5048828125,3729.0,3.7321105003356934,7.079183554649353,10.282087326049805,3.0369694232940674,2.5667431354522705,4.912660598754883,0.026367036625742912,0.09456054866313934,3.068115234375,5.682998776435852,10.960675239562988,143.9065399169922,145.11418075561522,145.64471435546875,143.89212036132812,142.10121154785156,145.63841247558594,0.10439378023147583,0.12834766507148743,3.279231071472168,5.541992115974427,9.241927146911621,111.425537109375,3.3307920231229855,97.98252360026042,4.772434359740231
huaping_main,60,/media/chenshuai/czy_data22/pih_dataset/260630_v8j_huaping/peg_in_hole_0630/episode_60.hdf5,449,22.45,1.0,38.01355743408203,1.3942527770996094,2.105706006288523,231.11544799804688,163.4921875,50.87184143066406,163.34176635742188,90.07726287841797,4.2193074226379395,47.23700714111328,8.638511657714844,1.0,0.3618711829185486,0.6356370449066162,0.9776403903961182,7.253999710083008,50.766998291015625,4.057000160217285,90.48899841308594,3.167999744415283,47.624000549316406,8.9949951171875,9.537891387939453,31.695146942138635,1.0,0.3814800977706909,0.0008515180670656264,0.0016862900753039857,0.002452947199344635,0.19999192655086517,0.20716598629951477,0.39033201336860657,0.19097000360488892,0.04419100284576416,-0.0052089998498559,-0.021049000322818756,0.09133099019527435,0.2882649898529053,0.28907299041748047,0.06100010871887207,3.1410000324249268,3.0969998836517334,0.052000001072883606,-0.007000000216066837,-0.03799999877810478,0.06699991226196289,1.9329999685287476,1.878999948501587,1.0,12.889991760253906,16.58045425415039,18.315414428710938,11.161824226379395,1.1236965656280518,17.805931091308594,0.2622484266757965,1.0710161924362183,684.05029296875,3938.0,3.987926721572876,8.286315345764159,10.604231834411621,3.1437933444976807,2.6819558143615723,6.500776767730713,0.030260218307375908,0.09614210575819016,3.14028263092041,6.1022569656372045,11.048173904418945,143.85458374023438,145.12392578125,145.5072784423828,143.84458923339844,140.40762329101562,145.499267578125,0.10300910472869873,0.11497096717357635,3.521085023880005,5.975445365905761,9.7821044921875,111.00799560546875,3.968872231115915,96.30430348714192,6.91585826326773
huaping_main,61,/media/chenshuai/czy_data22/pih_dataset/260630_v8j_huaping/peg_in_hole_0630/episode_61.hdf5,394,19.7,1.0,40.415138244628906,2.144697427749634,3.5256398677825866,233.7183074951172,172.44781494140625,47.90571594238281,175.04078674316406,83.31306457519531,5.190028190612793,45.63235855102539,12.922737121582031,1.0,0.39171186089515686,0.674716591835022,0.8398610949516296,10.210000038146973,47.89899826049805,3.187000036239624,83.7449951171875,3.873000144958496,46.069000244140625,14.686996459960938,16.029680252075195,73.37525405883773,1.0,0.37466710805892944,0.000953351438511163,0.0016230938956141468,0.002259615808725357,0.18540410697460175,0.20121999084949493,0.3903850018978119,0.20587299764156342,0.04427900165319443,-0.005303000099956989,0.012226000428199768,0.09251999855041504,0.28832700848579407,0.2930949926376343,0.04399991035461426,3.1410000324249268,3.1470000743865967,0.04399999976158142,-0.004999999888241291,0.004000000189989805,0.060000061988830566,1.934000015258789,1.8760000467300415,1.0,12.737396240234375,16.024868392944335,17.21965980529785,11.014215469360352,2.709005832672119,16.6345272064209,0.2679186463356018,1.5346624851226807,661.913330078125,4047.0,3.556180000305176,7.4456289052963225,9.13615894317627,2.316053628921509,1.5230361223220825,5.625182628631592,0.02978350780904293,0.0821777954697609,2.3362295627593994,5.035069155693054,8.22341251373291,118.30575561523438,121.3392780303955,122.59649658203125,118.2090835571289,114.99906158447266,122.48548126220703,0.20200857520103455,0.23806235194206238,3.367729902267456,6.120830607414245,10.85934829711914,111.70411427815755,4.613408564346273,96.0424321492513,6.345141018058888
huaping_main,62,/media/chenshuai/czy_data22/pih_dataset/260630_v8j_huaping/peg_in_hole_0630/episode_62.hdf5,474,23.7,1.0,39.03811264038086,1.2521154880523682,3.530743312835692,231.0044708251953,166.93826293945312,48.26090621948242,164.779541015625,89.59196472167969,4.403275012969971,47.48665237426758,7.932395935058594,1.0,0.3241764307022095,0.6538481712341309,0.8637875318527222,5.683000087738037,48.154998779296875,0.9890000820159912,89.75199890136719,3.4950003623962402,47.711997985839844,7.233001708984375,13.150690078735352,72.7702293395996,1.0,0.3657833933830261,0.0007733264355920255,0.0015527162700891492,0.002307294635102153,0.19245174527168274,0.20706701278686523,0.3904460072517395,0.1984809935092926,0.03416400030255318,-0.005216000135987997,-0.0024109999649226665,0.0911170095205307,0.2881520092487335,0.2747640013694763,0.04800009727478027,3.1410000324249268,3.1449999809265137,0.05900000035762787,-0.006000000052154064,-0.03099999949336052,0.060000061988830566,1.9329999685287476,1.8760000467300415,1.0,12.752022743225098,16.44280071258545,18.876914978027344,10.890087127685547,2.7969512939453125,18.3494930267334,0.26522088050842285,1.6502755880355835,635.0928344726562,3782.0,3.8493971824645996,8.270415449142455,10.887005805969238,2.615100383758545,1.854290246963501,6.2188029289245605,0.032086070626974106,0.0972316637635231,2.491283416748047,5.430365133285522,9.642291069030762,118.3835220336914,120.71537933349609,121.48419189453125,118.27442932128906,113.4264144897461,121.3840560913086,0.19898062944412231,0.23193500936031342,3.8413662910461426,7.386371231079101,11.792900085449219,111.78802744547527,4.120302452373094,96.8686752319336,5.772851580656256
huaping_main,63,/media/chenshuai/czy_data22/pih_dataset/260630_v8j_huaping/peg_in_hole_0630/episode_63.hdf5,467,23.35,1.0,38.945709228515625,1.2488309144973755,2.2348623871803284,237.60308837890625,169.095703125,49.92988204956055,166.85293579101562,87.9050521850586,4.3595075607299805,47.13042068481445,10.643272399902344,1.0,0.3294766843318939,0.6268696188926697,0.9327967762947083,6.36899995803833,50.05099868774414,2.5370001792907715,88.18400573730469,2.177000045776367,47.308998107910156,9.241996765136719,10.130739212036133,39.54005851745605,1.0,0.36625105142593384,0.0007859464385546744,0.0014422988169826567,0.0020698688458651304,0.19630403816699982,0.2059820145368576,0.39037901163101196,0.19429899752140045,0.036350999027490616,-0.005177000071853399,0.003335000015795231,0.09155601263046265,0.2881459891796112,0.2842150032520294,0.04399991035461426,3.1410000324249268,3.1449999809265137,0.01900000125169754,-0.007000000216066837,-0.014999999664723873,0.06199991703033447,1.9329999685287476,1.878999948501587,1.0,12.341760635375977,16.142918968200682,17.48218536376953,9.924306869506836,-1.6426701545715332,16.90962028503418,0.37218162417411804,1.9800562858581543,631.6616821289062,3867.0,4.667632102966309,9.997976970672607,16.63490104675293,2.8461337089538574,1.9854403734207153,8.079042434692383,0.04003066569566727,0.13149996101856232,2.8363070487976074,5.919517993927002,11.428362846374512,118.0906982421875,120.41946945190429,124.06090545654297,117.96633911132812,114.0634536743164,124.00415802001953,0.20270246267318726,0.23836806416511536,3.691451072692871,6.657121038436889,9.083771705627441,112.31581370035808,4.271179608696435,96.35610961914062,6.551579718072963
huaping_main,64,/media/chenshuai/czy_data22/pih_dataset/260630_v8j_huaping/peg_in_hole_0630/episode_64.hdf5,440,22.0,1.0,38.45092010498047,1.2461553812026978,1.3681832075119016,220.86790466308594,156.11196899414062,51.629207611083984,156.2298583984375,88.32013702392578,3.730536460876465,47.55753707885742,8.468658447265625,1.0,0.3390810191631317,0.6096812307834623,1.0231447219848633,5.204999923706055,51.62699890136719,3.2739999294281006,88.44000244140625,2.9519999027252197,47.792999267578125,9.218994140625,8.89099407196045,36.019591140747,1.0,0.3479413390159607,0.0007925771060399711,0.0013689905521459876,0.0019314974779263139,0.2093268185853958,0.21325302124023438,0.39035001397132874,0.18163999915122986,0.0330439992249012,-0.005224000196903944,0.0009529999806545675,0.08944100141525269,0.2883110046386719,0.27348899841308594,0.0559999942779541,3.1410000324249268,3.128000020980835,0.039000000804662704,-0.006000000052154064,-0.023000000044703484,0.07299995422363281,1.9329999685287476,1.8680000305175781,1.0,12.903368949890137,16.191436100006104,18.246641159057617,10.828505516052246,3.0026519298553467,17.718027114868164,0.32778400182724,2.0849761962890625,658.3214111328125,3781.0,4.220687389373779,9.594080305099485,11.494053840637207,2.7568132877349854,1.9654213190078735,5.584380626678467,0.03473889082670212,0.10085360705852509,2.7775065898895264,6.1529927253723145,9.305574417114258,117.09222412109375,119.02312774658203,120.8219223022461,116.97636413574219,113.73077392578125,120.72698974609375,0.20469973981380463,0.2512989640235901,3.6128342151641846,6.517967224121092,10.314118385314941,111.46225484212239,4.75311502210804,96.61319478352864,5.481783069879529
huaping_main,65,/media/chenshuai/czy_data22/pih_dataset/260630_v8j_huaping/peg_in_hole_0630/episode_65.hdf5,441,22.05,1.0,38.43830108642578,1.3080235719680786,2.1679121971130337,239.93980407714844,169.71670532226562,49.769718170166016,169.59820556640625,88.65762329101562,4.357949733734131,47.739784240722656,7.9024810791015625,1.0,0.32866141200065613,0.6036914646625516,1.086764931678772,5.052999973297119,49.557003021240234,1.9819998741149902,88.89700317382812,3.366999864578247,48.051998138427734,8.291999816894531,9.302327156066895,43.36074447631836,1.0,0.33847537636756897,0.0007692622020840645,0.0014182273473124947,0.003225318854674697,0.20925582945346832,0.20970599353313446,0.3904170095920563,0.18367299437522888,0.034053999930620193,-0.005237999837845564,0.00026699999580159783,0.09455201029777527,0.28813499212265015,0.2562820017337799,0.05799984931945801,3.1410000324249268,3.13700008392334,0.04899999871850014,-0.006000000052154064,-0.035999998450279236,0.09399998188018799,1.9329999685287476,1.8389999866485596,1.0,12.44729232788086,16.16307258605957,17.40238380432129,7.261175632476807,-5.639537811279297,16.866378784179688,0.7516658306121826,2.4980275630950928,621.9945068359375,3832.0,7.692439079284668,17.991044998168945,22.94537353515625,4.633553504943848,1.9119473695755005,11.480871200561523,0.05360375717282295,0.15304528176784515,4.233462333679199,9.96260929107666,17.37931251525879,123.79468536376953,131.14268493652344,131.7645263671875,123.74348449707031,116.19795227050781,131.75743103027344,0.14496147632598877,0.22154439985752106,3.195340394973755,6.144680976867676,11.555227279663086,112.7052714029948,4.102871811953876,98.93783823649089,5.179884649916975
huaping_main,66,/media/chenshuai/czy_data22/pih_dataset/260630_v8j_huaping/peg_in_hole_0630/episode_66.hdf5,382,19.1,1.0,38.66512680053711,1.4131605625152588,2.1790032386779785,203.5841522216797,143.8107452392578,50.462181091308594,144.08294677734375,90.00448608398438,3.9972801208496094,48.69529724121094,9.317764282226562,1.0,0.4086149036884308,0.7547314167022705,1.170302391052246,6.070000171661377,50.465999603271484,2.993000030517578,90.25799560546875,4.105000019073486,48.92599868774414,10.59100341796875,9.444278717041016,48.57290229797363,1.0,0.3600730299949646,0.0009450735524296761,0.0015318284276872873,0.0032571139745414257,0.21199974417686462,0.21562901139259338,0.3904010057449341,0.17957499623298645,0.031585000455379486,-0.005193999968469143,0.009027999825775623,0.09067198634147644,0.2880769968032837,0.2709299921989441,6.281000137329102,3.1410000324249268,-3.109999895095825,0.03500000014901161,-0.007000000216066837,-0.004000000189989805,0.07799994945526123,1.9329999685287476,1.8580000400543213,1.0,12.587821960449219,16.31101236343384,20.279787063598633,9.65487289428711,-2.1021533012390137,19.76871681213379,0.4883895814418793,2.9717674255371094,666.4330444335938,3918.0,4.398565769195557,10.093035840988156,12.96487808227539,3.0461153984069824,1.97409987449646,6.833052635192871,0.03280974552035332,0.097031369805336,3.0074992179870605,6.301991772651659,12.53779411315918,122.9263916015625,125.77588500976563,126.1235580444336,122.90103149414062,114.58344268798828,126.12026977539062,0.12784476578235626,0.18523631989955902,2.9327759742736816,5.485948133468628,11.536635398864746,111.81842295328777,4.364566697896294,96.8566182454427,6.189176645869245
huaping_main,67,/media/chenshuai/czy_data22/pih_dataset/260630_v8j_huaping/peg_in_hole_0630/episode_67.hdf5,374,18.7,1.0,38.756282806396484,1.675053358078003,3.8562625885009627,222.5526580810547,157.37493896484375,49.9630241394043,157.34664916992188,93.08028411865234,3.4694085121154785,49.5317268371582,8.258766174316406,1.0,0.4365200400352478,0.7591886639595029,1.171277403831482,6.083000183105469,50.000999450683594,3.1570000648498535,93.4469985961914,3.0810000896453857,49.77800369262695,7.275993347167969,11.242385864257812,47.50079956054684,1.0,0.38317808508872986,0.0010272871004417539,0.0019104829058051095,0.002970731118693948,0.20577403903007507,0.2118149846792221,0.39040398597717285,0.18524999916553497,0.04442400112748146,-0.0051819998770952225,-0.0123070003464818,0.09173698723316193,0.28814899921417236,0.2738650143146515,6.281000137329102,3.1410000324249268,3.1459999084472656,0.04000000283122063,-0.007000000216066837,-0.02500000037252903,0.06400001049041748,1.9329999685287476,1.86899995803833,1.0,12.778108596801758,16.9476993560791,23.508623123168945,9.642401695251465,-0.23884731531143188,23.018447875976562,0.5391454696655273,3.613175868988037,646.0615234375,3774.0,5.121614456176758,12.858188915252683,15.082934379577637,3.558666944503784,2.193129777908325,7.341856002807617,0.036479391157627106,0.11014252156019211,3.316101312637329,7.188518047332764,12.191241264343262,121.6233901977539,125.12296066284179,125.34964752197266,121.59208679199219,112.0361328125,125.34565734863281,0.12799392640590668,0.20731113851070404,3.111546516418457,5.932278347015381,10.498231887817383,112.13691965738933,4.436272464628242,96.4934794108073,6.562196266831417
huaping_main,68,/media/chenshuai/czy_data22/pih_dataset/260630_v8j_huaping/peg_in_hole_0630/episode_68.hdf5,430,21.5,1.0,38.528656005859375,1.3901573419570923,3.140571784973143,227.43991088867188,160.87176513671875,50.0403938293457,160.76193237304688,92.10279846191406,3.4424781799316406,48.06324005126953,6.374183654785156,1.0,0.36037570238113403,0.7212017416954034,1.5370291471481323,5.2739996910095215,50.04199981689453,2.055999994277954,92.18099975585938,2.296999931335449,48.183998107910156,5.933998107910156,10.231562614440918,46.67637786865226,1.0,0.3624401092529297,0.0008448487496934831,0.0015342390863224856,0.0037435840349644423,0.2084370255470276,0.21011200547218323,0.39036500453948975,0.1835860013961792,0.03589700162410736,-0.00520299980416894,-0.006436999887228012,0.09215500950813293,0.28815901279449463,0.26194998621940613,0.054000139236450195,3.1410000324249268,3.134000062942505,0.04100000113248825,-0.007000000216066837,-0.03400000184774399,0.07200002670288086,1.9329999685287476,1.8609999418258667,1.0,12.158415794372559,16.337648773193358,23.30240821838379,9.356887817382812,-2.2941055297851562,22.79958724975586,0.4581945240497589,1.9212032556533813,644.7999877929688,3977.0,4.93560266494751,10.733852195739745,12.430750846862793,3.304440975189209,1.986902117729187,7.112933158874512,0.03677724674344063,0.0947890356183052,3.2058587074279785,6.763639450073242,12.405481338500977,122.03517150878906,124.58169403076172,127.67256927490234,122.02377319335938,116.10494995117188,127.65940856933594,0.11372217535972595,0.14876358211040497,2.899707794189453,5.197298479080198,9.484936714172363,112.31656646728516,4.098047357255579,98.12235005696614,5.664512420172661
huaping_main,69,/media/chenshuai/czy_data22/pih_dataset/260630_v8j_huaping/peg_in_hole_0630/episode_69.hdf5,410,20.5,1.0,38.56556701660156,1.326255440711975,1.7785603284835794,221.72256469726562,156.80702209472656,48.218082427978516,156.74240112304688,84.28068542480469,5.511198997497559,49.52683639526367,6.393165588378906,1.0,0.3687734305858612,0.761574494838712,1.3119292259216309,5.618000030517578,48.332000732421875,2.6649999618530273,84.64099884033203,5.573999881744385,50.05299758911133,6.236000061035156,10.172760963439941,49.69340057373047,1.0,0.34947460889816284,0.0008544611628167331,0.0016807239968329656,0.0026292826514691114,0.19266554713249207,0.1973639875650406,0.3903859853744507,0.19812899827957153,0.03897799924015999,-0.005243999883532524,-0.009461999870836735,0.09519200026988983,0.288349986076355,0.27654001116752625,0.06400012969970703,3.140000104904175,3.140000104904175,0.0560000017285347,-0.006000000052154064,-0.0010000000474974513,0.0820000171661377,1.9320000410079956,1.850000023841858,1.0,13.613426208496094,19.067444229125968,31.612648010253906,9.347314834594727,-16.83950424194336,18.774017333984375,0.6210044026374817,6.230286598205566,741.5202026367188,6817.0,5.200263023376465,17.889352798461882,29.202281951904297,3.480532646179199,2.1218721866607666,15.120237350463867,0.036612603813409805,0.18004140257835388,3.3711190223693848,8.375639533996578,21.067094802856445,122.8160629272461,124.86981315612793,131.86126708984375,122.79859924316406,113.92816162109375,131.62106323242188,0.10185647010803223,0.1572079062461853,2.943728446960449,5.537970042228698,10.962382316589355,112.87106068929036,4.62874680230291,97.03416188557942,7.52859383802244
huaping_main,70,/media/chenshuai/czy_data22/pih_dataset/260630_v8j_huaping/peg_in_hole_0630/episode_70.hdf5,383,19.15,1.0,38.77814865112305,1.4132460355758667,3.6242898464202775,218.45962524414062,158.1629638671875,48.92193603515625,158.0283660888672,87.68439483642578,3.649714708328247,47.13414001464844,7.288536071777344,1.0,0.3863423466682434,0.663055482506752,0.957910418510437,4.464999675750732,49.257999420166016,2.508999824523926,88.4429931640625,1.6640000343322754,47.625003814697266,5.9940032958984375,11.90266227722168,52.40529594421383,1.0,0.35176336765289307,0.0009208465344272554,0.0014949414355214686,0.0023557760287076235,0.19864888489246368,0.20529499650001526,0.39004799723625183,0.1919579952955246,0.03357499837875366,-0.005146999843418598,-0.010331000201404095,0.09088599681854248,0.2882690131664276,0.27430999279022217,0.042999982833862305,3.1419999599456787,3.130000114440918,0.028999999165534973,-0.004999999888241291,-0.027000000700354576,0.046000003814697266,1.9320000410079956,1.8869999647140503,1.0,12.510984420776367,16.013089847564697,16.84389877319336,10.374541282653809,0.3324924409389496,16.45570182800293,0.41152292490005493,2.2395381927490234,653.5128784179688,4189.0,3.8668627738952637,8.196457672119132,12.957348823547363,2.922616720199585,1.9831719398498535,7.254634857177734,0.027550484985113144,0.08446358144283295,2.6292765140533447,4.859915304183959,10.32608413696289,119.71257019042969,122.74671096801758,123.16194152832031,119.70124816894531,114.89093017578125,123.14498138427734,0.07020855695009232,0.11378277093172073,3.4108242988586426,6.370811939239502,9.48320484161377,111.41634368896484,4.907919162538945,96.46192677815755,6.390611287046979
huaping_main,71,/media/chenshuai/czy_data22/pih_dataset/260630_v8j_huaping/peg_in_hole_0630/episode_71.hdf5,426,21.3,1.0,39.09349822998047,1.5145186185836792,2.259358310699463,217.62945556640625,153.894287109375,50.60440444946289,153.86752319335938,87.8963394165039,3.1185643672943115,46.99947738647461,6.318687438964844,1.0,0.3624569773674011,0.6401407480239867,0.9712702631950378,5.4110002517700195,50.391998291015625,4.372000217437744,88.0530014038086,1.943000078201294,47.23999786376953,6.150993347167969,12.13847827911377,49.92369842529297,1.0,0.37485289573669434,0.0008820068323984742,0.0016364877345040425,0.002477196976542473,0.19316715002059937,0.2097560167312622,0.39040499925613403,0.19730499386787415,0.04078099876642227,-0.0052189999260008335,-0.009088000282645226,0.09180200099945068,0.2884010076522827,0.28508898615837097,0.04400014877319336,3.140000104904175,3.0999999046325684,0.04100000113248825,-0.004999999888241291,-0.0430000014603138,0.08599996566772461,1.934999942779541,1.8519999980926514,1.0,12.670161247253418,16.619781494140625,19.681116104125977,9.245586395263672,-5.200891971588135,17.893699645996094,0.6323349475860596,3.8441262245178223,670.8265991210938,3857.0,5.670313835144043,13.407661199569702,16.488882064819336,3.256157875061035,1.5560508966445923,7.939033508300781,0.041515547782182693,0.11416077613830566,3.3877816200256348,7.885479092597961,12.700569152832031,83.69225311279297,88.39440536499023,89.55828094482422,83.64544677734375,66.7909927368164,89.54386901855469,0.1276766061782837,0.2013990879058838,2.8429532051086426,5.6817015409469604,8.641728401184082,112.65148671468098,4.761672992329053,98.07098388671875,4.838055450294905
huaping_main,72,/media/chenshuai/czy_data22/pih_dataset/260630_v8j_huaping/peg_in_hole_0630/episode_72.hdf5,387,19.35,1.0,38.502655029296875,1.4479568004608154,2.8053560853004456,232.19798278808594,164.18930053710938,50.52599334716797,164.175537109375,89.357666015625,3.974071502685547,45.896942138671875,6.0980072021484375,1.0,0.3723520040512085,0.6374474167823792,0.9500714540481567,4.618000030517578,50.53700256347656,2.067999839782715,89.55799865722656,4.251999855041504,46.10399627685547,5.198005676269531,9.074152946472168,42.54329795837401,1.0,0.3352046012878418,0.0008684056811034679,0.0015430853236466646,0.0024887847248464823,0.20845550298690796,0.21019500494003296,0.3903209865093231,0.18341399729251862,0.03387099876999855,-0.0052089998498559,-0.0058570001274347305,0.08938099443912506,0.28858301043510437,0.26322999596595764,0.04800009727478027,3.1389999389648438,3.13100004196167,0.049000002443790436,-0.004999999888241291,-0.00800000037997961,0.08700001239776611,1.9329999685287476,1.8459999561309814,1.0,11.886723518371582,15.959388732910156,21.73002815246582,9.259237289428711,-1.103487253189087,21.30157470703125,0.43796706199645996,1.5928702354431152,621.4817504882812,3748.0,4.931825160980225,12.986458587646483,14.745887756347656,2.8062942028045654,1.0870182514190674,7.371616363525391,0.037275537848472595,0.10392621904611588,2.8237881660461426,7.160050916671748,11.06589126586914,89.34252166748047,92.51477890014648,94.273193359375,89.32136535644531,83.66893768310547,94.25642395019531,0.13455511629581451,0.1720820516347885,2.5434176921844482,4.173871040344235,6.484738349914551,112.2096176147461,3.6226638591864737,97.47195180257161,7.016197298491121
huaping_main,73,/media/chenshuai/czy_data22/pih_dataset/260630_v8j_huaping/peg_in_hole_0630/episode_73.hdf5,453,22.65,1.0,39.459529876708984,1.1700968742370605,2.5909766912460315,231.0756378173828,168.8818359375,48.00052261352539,168.73681640625,87.28965759277344,4.6073174476623535,47.22124099731445,5.97210693359375,1.0,0.3123379647731781,0.5096508026123047,0.7613959312438965,5.2870001792907715,47.33599853515625,1.5980000495910645,87.39900207519531,2.353999614715576,47.433998107910156,5.9770050048828125,13.903563499450684,88.98873596191397,1.0,0.3249366879463196,0.0007188864983618259,0.0011721574992407113,0.0017569615738466382,0.19342364370822906,0.19843801856040955,0.3904080092906952,0.19842100143432617,0.036201998591423035,-0.005229000002145767,-0.0009260000078938901,0.0894239991903305,0.2881009876728058,0.2649669945240021,0.04400014877319336,3.140000104904175,3.122999906539917,0.04099999740719795,-0.007000000216066837,-0.03200000151991844,0.05300009250640869,1.9320000410079956,1.8819999694824219,1.0,13.057677268981934,16.125393295288085,18.138669967651367,11.176227569580078,2.6973509788513184,17.679462432861328,0.3475853204727173,2.288891315460205,678.6045532226562,3852.0,2.760249614715576,7.657885932922362,11.47469425201416,1.8246132135391235,1.2468771934509277,5.6907854080200195,0.02032589353621006,0.08634217083454132,2.023785352706909,4.212505149841309,8.331195831298828,86.6511459350586,88.82363891601562,89.13340759277344,86.62572479248047,80.1065444946289,89.1316146850586,0.13113050162792206,0.18133445084095,2.442531108856201,4.25355339050293,6.440603733062744,112.2933578491211,3.9344430272889563,98.20526123046875,5.64888639823714
huaping_main,74,/media/chenshuai/czy_data22/pih_dataset/260630_v8j_huaping/peg_in_hole_0630/episode_74.hdf5,434,21.7,1.0,38.41926574707031,1.3177027702331543,4.355802822113023,234.10267639160156,166.52694702148438,51.61748504638672,164.46334838867188,90.93168640136719,4.991634368896484,48.03160095214844,9.63690185546875,1.0,0.3406811058521271,0.610874605178833,0.8227601051330566,4.673999786376953,51.63300323486328,2.5850000381469727,91.20100402832031,2.307000160217285,48.39400100708008,7.668998718261719,8.954900741577148,41.81138172149643,1.0,0.33693087100982666,0.0007781313615851104,0.0013758891960605976,0.0020716944709420204,0.2098839282989502,0.2137089967727661,0.3903689980506897,0.18184100091457367,0.029377000406384468,-0.005260000005364418,0.00028700000257231295,0.0914199948310852,0.2883639931678772,0.2651999890804291,0.04399991035461426,3.1410000324249268,3.127000093460083,0.035999998450279236,-0.006000000052154064,-0.026000000536441803,0.0679999589920044,1.9329999685287476,1.86899995803833,1.0,12.412774085998535,16.82250852584838,20.148893356323242,9.03581714630127,-0.9072474837303162,17.536943435668945,0.6391438841819763,3.871220827102661,641.8199462890625,3973.0,5.3047966957092285,13.346535682678223,17.270309448242188,3.0994186401367188,1.2630641460418701,8.223814010620117,0.0387536846101284,0.11780412495136261,3.04776930809021,7.393037772178646,12.025030136108398,83.30213165283203,86.83075828552246,87.2275619506836,83.22753143310547,67.39141082763672,87.22583770751953,0.1320849061012268,0.2156410813331604,3.035721778869629,6.625480437278747,9.469098091125488,111.5287373860677,3.5945144542463776,97.1797612508138,5.975242515710496
huaping_main,75,/media/chenshuai/czy_data22/pih_dataset/260630_v8j_huaping/peg_in_hole_0630/episode_75.hdf5,404,20.2,1.0,38.17640686035156,1.3880109786987305,2.805624794960015,234.43458557128906,166.85488891601562,49.482696533203125,164.60525512695312,88.91857147216797,6.203135967254639,47.87520217895508,8.365955352783203,1.0,0.3486053943634033,0.5999040722846984,1.2556577920913696,5.710999965667725,49.430999755859375,1.8980001211166382,89.31300354003906,4.130999565124512,48.1400032043457,7.5630035400390625,9.930072784423828,39.987097358703615,1.0,0.32187801599502563,0.0007987047429196537,0.0013301472994498907,0.002068447880446911,0.20867061614990234,0.20694999396800995,0.3903520107269287,0.18499000370502472,0.035333000123500824,-0.00521400012075901,-0.011394999921321869,0.08922500908374786,0.2883340120315552,0.2518419921398163,0.057000160217285156,3.140000104904175,3.124000072479248,0.053999997675418854,-0.007000000216066837,-0.02199999988079071,0.07099997997283936,1.9320000410079956,1.8619999885559082,1.0,12.428905487060547,16.018957901000977,20.516965866088867,10.373122215270996,2.560188055038452,20.122594833374023,0.4246596395969391,3.0919549465179443,645.1768188476562,3772.0,3.7456271648406982,7.992117595672608,12.368772506713867,2.4210708141326904,1.4590615034103394,6.085689544677734,0.02889394760131836,0.08852580189704895,2.41174578666687,5.101517891883849,8.814169883728027,83.62948608398438,85.49822006225585,86.00337982177734,83.5871353149414,74.00496673583984,85.994384765625,0.13048776984214783,0.21280688047409058,3.1498730182647705,6.065427780151365,8.933500289916992,111.38739267985027,3.687876378090131,97.25598398844402,6.605508538078801
huaping_main,76,/media/chenshuai/czy_data22/pih_dataset/260630_v8j_huaping/peg_in_hole_0630/episode_76.hdf5,507,25.35,1.0,38.714149475097656,1.103086233139038,3.7123316526412964,224.71351623535156,164.0362091064453,47.96684265136719,161.30123901367188,86.97262573242188,5.446290493011475,47.35293960571289,7.3793487548828125,1.0,0.2899244725704193,0.5551680326461792,1.0179119110107422,5.163000106811523,47.91600036621094,3.7609996795654297,87.30400085449219,3.25600004196167,47.65499496459961,6.375,10.755132675170898,67.87834014892576,1.0,0.3367924094200134,0.0006655976758338511,0.0012601902417372912,0.002002492779865861,0.1949603110551834,0.19545899331569672,0.3903299868106842,0.196493998169899,0.040585000067949295,-0.0052189999260008335,-0.010753000155091286,0.089836984872818,0.288426011800766,0.2682639956474304,0.056999921798706055,3.140000104904175,3.121000051498413,0.04899999871850014,-0.006000000052154064,-0.03200000151991844,0.05200004577636719,1.9320000410079956,1.88100004196167,1.0,12.164752006530762,16.0780216217041,19.0751895904541,9.829200744628906,-0.9885451793670654,18.73961067199707,0.4012520909309387,1.5669255256652832,663.0944213867188,4010.0,4.19532585144043,10.16384220123291,12.408802032470703,2.4701766967773438,1.3595905303955078,6.1689300537109375,0.03378303349018097,0.09181071072816849,2.702948570251465,6.256823968887328,10.076308250427246,85.5507583618164,88.63682708740234,90.33882141113281,85.53382110595703,78.04885864257812,90.33293151855469,0.12875774502754211,0.17803891003131866,2.7378170490264893,4.570708322525024,9.61661148071289,111.48704020182292,4.517912565931537,97.45965067545573,5.881531908085822
huaping_main,77,/media/chenshuai/czy_data22/pih_dataset/260630_v8j_huaping/peg_in_hole_0630/episode_77.hdf5,449,22.45,1.0,37.818599700927734,1.2621861696243286,2.0186800301074967,222.4611358642578,157.3978271484375,51.043922424316406,157.19537353515625,89.96175384521484,5.399699687957764,49.733306884765625,8.868919372558594,1.0,0.3696556091308594,0.812515044212341,1.4810669422149658,5.354999542236328,51.08700180053711,3.517000198364258,90.18600463867188,5.540999889373779,49.98500442504883,8.942001342773438,7.313340187072754,26.71783905029297,1.0,0.37595847249031067,0.000839193002320826,0.0019021265150513497,0.003713194513693452,0.2044099122285843,0.20636101067066193,0.39039498567581177,0.18657200038433075,0.046234000474214554,-0.005206999834626913,-0.017395999282598495,0.09337298572063446,0.2881790101528168,0.27863800525665283,6.279999732971191,3.140000104904175,-3.125,0.06399999558925629,-0.007000000216066837,0.0,0.07499992847442627,1.9329999685287476,1.8589999675750732,1.0,12.176580429077148,15.997151947021484,28.503591537475586,9.682177543640137,1.2507377862930298,28.321002960205078,0.5089987516403198,2.7144219875335693,644.495361328125,3984.0,5.135304927825928,10.47464141845703,11.94364070892334,3.2424418926239014,1.4069019556045532,7.074678897857666,0.038509249687194824,0.08684445917606354,3.0745112895965576,7.061428356170654,11.330177307128906,84.09491729736328,87.5939956665039,89.30480194091797,84.05672454833984,71.58831787109375,89.30204010009766,0.1271195262670517,0.1892920285463333,3.5545952320098877,7.365018463134765,9.893016815185547,111.91561635335286,5.028963993131044,95.27924346923828,7.937780953205193
huaping_main,78,/media/chenshuai/czy_data22/pih_dataset/260630_v8j_huaping/peg_in_hole_0630/episode_78.hdf5,472,23.6,1.0,40.25416946411133,1.2820703983306885,2.975753426551819,237.44786071777344,169.06454467773438,49.37320327758789,166.66387939453125,86.77529907226562,6.838338851928711,46.62889862060547,10.817604064941406,1.0,0.3048096001148224,0.5626658201217651,0.8737816214561462,6.894000053405762,49.395999908447266,2.607999801635742,87.05499267578125,4.495999813079834,46.917999267578125,9.30999755859375,16.763256072998047,75.56222839355468,1.0,0.3411555886268616,0.0007243218715302646,0.0013169795856811106,0.00157349300570786,0.20396825671195984,0.20339401066303253,0.3903599977493286,0.18823499977588654,0.04009799659252167,-0.005191999953240156,-0.006639999803155661,0.09013800323009491,0.2882629930973053,0.2609420120716095,0.037999868392944336,3.140000104904175,3.13700008392334,0.050999999046325684,-0.007000000216066837,0.010999999940395355,0.0679999589920044,1.9329999685287476,1.8730000257492065,1.0,12.42677116394043,15.709837102890015,17.288896560668945,10.261306762695312,0.2967750132083893,16.740680694580078,0.4252186119556427,2.2019596099853516,678.8074951171875,3798.0,4.034475326538086,8.910652780532837,12.828694343566895,2.5661461353302,1.465232253074646,6.713859558105469,0.0301667507737875,0.10046228021383286,2.735140562057495,6.162270832061766,11.860836029052734,84.1146240234375,88.5428581237793,92.99275207519531,84.09095001220703,75.31217193603516,92.99142456054688,0.12610983848571777,0.1827148050069809,3.0715551376342773,5.670136332511902,9.502613067626953,111.45823669433594,4.649612640758689,95.35681406656902,7.419669316210197
huaping_main,79,/media/chenshuai/czy_data22/pih_dataset/260630_v8j_huaping/peg_in_hole_0630/episode_79.hdf5,415,20.75,1.0,38.3155403137207,1.345021367073059,1.7425285041332215,226.28384399414062,160.13629150390625,49.52022171020508,159.86256408691406,90.48128509521484,3.0419414043426514,49.04582214355469,7.624763488769531,1.0,0.38617849349975586,0.8141228288412092,1.2864928245544434,6.62000036239624,49.5469970703125,4.020999908447266,90.69599914550781,2.9769999980926514,49.064998626708984,8.332000732421875,8.162398338317871,33.22194747924804,1.0,0.3804665207862854,0.0009190012351609766,0.0018484615138731873,0.003391652600839734,0.2012765258550644,0.20683099329471588,0.39034199714660645,0.18930499255657196,0.038120001554489136,-0.005233000032603741,-0.007207000162452459,0.09168800711631775,0.28833499550819397,0.2787190079689026,0.05099987983703613,3.1410000324249268,3.1440000534057617,0.032999999821186066,-0.006000000052154064,-0.017000000923871994,0.05299997329711914,1.9329999685287476,1.8980000019073486,1.0,12.311189651489258,16.343092155456542,23.82448959350586,10.021439552307129,1.370823860168457,23.456253051757812,0.43403974175453186,2.5821733474731445,660.734619140625,3758.0,3.751511335372925,10.252194499969475,13.683769226074219,2.3687903881073,1.4674022197723389,6.819125652313232,0.028882460668683052,0.10093986988067627,2.6068994998931885,5.701478290557861,10.162779808044434,84.7684555053711,88.60252227783202,89.90741729736328,84.7352066040039,74.7717056274414,89.90129852294922,0.13121652603149414,0.20233911275863647,2.8319294452667236,5.374648094177246,8.811694145202637,112.98124440511067,4.495844299740406,97.31198374430339,7.011293126871005
huaping_main,80,/media/chenshuai/czy_data22/pih_dataset/260630_v8j_huaping/peg_in_hole_0630/episode_80.hdf5,444,22.2,1.0,39.46675109863281,1.3948595523834229,3.0225132942199697,242.86520385742188,171.7512969970703,49.11567687988281,171.70132446289062,87.23384094238281,4.802271842956543,48.57096481323242,8.226554870605469,1.0,0.3413451611995697,0.6206531524658202,0.8539847731590271,5.700000286102295,49.137001037597656,2.88100004196167,87.61199951171875,4.302999973297119,49.02999496459961,8.639999389648438,14.655217170715332,60.971296882629375,1.0,0.35773855447769165,0.0008075362420640886,0.001301962649449706,0.0018411466153338552,0.19334018230438232,0.2017430067062378,0.3904229998588562,0.19778400659561157,0.03763500228524208,-0.005187000147998333,0.00037399999564513564,0.09179098904132843,0.2882100045681,0.27272701263427734,0.06100010871887207,3.140000104904175,3.1029999256134033,0.05000000074505806,-0.006000000052154064,-0.00800000037997961,0.06999993324279785,1.9329999685287476,1.871000051498413,1.0,12.515035629272461,16.307219409942626,17.64899444580078,9.39162540435791,-4.470998764038086,17.253677368164062,0.5451096296310425,2.8705408573150635,672.6145629882812,3789.0,5.193335056304932,13.772328519821162,16.251264572143555,3.1261184215545654,1.5166971683502197,7.981928825378418,0.03849191218614578,0.11302240937948227,3.28143572807312,7.940325021743774,13.039576530456543,83.99544525146484,86.22569274902344,87.1716079711914,83.96468353271484,68.89280700683594,87.16326141357422,0.1281827986240387,0.19841669499874115,2.9513843059539795,5.988892698287964,12.818214416503906,111.5638198852539,4.2902921809031245,96.8981221516927,5.979673816108537
huaping_main,81,/media/chenshuai/czy_data22/pih_dataset/260630_v8j_huaping/peg_in_hole_0630/episode_81.hdf5,395,19.75,1.0,39.23127365112305,1.4957892894744873,3.148228752613066,235.18727111816406,166.34263610839844,48.924171447753906,166.25070190429688,88.5338363647461,4.803107261657715,46.89815139770508,8.141494750976562,1.0,0.4123457670211792,0.6771191745996473,1.1015522480010986,6.166999816894531,48.930999755859375,3.0949997901916504,88.83099365234375,3.752000093460083,47.329002380371094,7.486000061035156,13.188194274902344,55.04395294189451,1.0,0.394329696893692,0.0010008368408307433,0.00170092906919308,0.0026548956520855427,0.19287902116775513,0.20971599221229553,0.39039701223373413,0.19782300293445587,0.044252000749111176,-0.00520200002938509,-0.014248000457882881,0.09618701040744781,0.28814199566841125,0.29412001371383667,6.2820000648498535,3.1410000324249268,3.1500000953674316,0.05899999663233757,-0.007000000216066837,-0.03799999877810478,0.06800007820129395,1.9320000410079956,1.8650000095367432,1.0,13.18381118774414,16.85600929260254,20.64809226989746,11.029744148254395,-1.6266682147979736,17.699920654296875,0.4637022316455841,3.780221700668335,682.862548828125,3829.0,4.3194990158081055,10.03232021331787,18.582902908325195,3.1553940773010254,2.0536909103393555,9.639047622680664,0.031202886253595352,0.11251386255025864,2.7448713779449463,6.290826559066771,14.679905891418457,66.47625732421875,69.78432083129883,73.6897964477539,66.40580749511719,53.22576904296875,73.63091278076172,0.11291216313838959,0.18729576468467712,3.679306983947754,6.779903125762939,15.728960037231445,113.04526774088542,4.96581307610534,97.2437973022461,6.713180496664902
huaping_main,82,/media/chenshuai/czy_data22/pih_dataset/260630_v8j_huaping/peg_in_hole_0630/episode_82.hdf5,409,20.45,1.0,38.85187911987305,1.3430261611938477,3.9224121332168576,223.48663330078125,160.05419921875,49.86479187011719,159.84640502929688,88.72117614746094,5.606940269470215,47.99909591674805,7.733940124511719,1.0,0.36528143286705017,0.6250630885362624,0.8311170339584351,5.420000076293945,49.85099792480469,3.6449999809265137,88.9320068359375,3.4690003395080566,48.27400207519531,6.01300048828125,11.415435791015625,49.63794708251942,1.0,0.34630221128463745,0.000848779920488596,0.0013813726603984831,0.0018258107593283057,0.20512016117572784,0.20597001910209656,0.39034101366996765,0.18600499629974365,0.042208001017570496,-0.005216999910771847,-0.01474700029939413,0.08896999061107635,0.28837698698043823,0.2732029855251312,0.0559999942779541,3.140000104904175,3.1429998874664307,0.04699999839067459,-0.006000000052154064,-0.026000000536441803,0.07200002670288086,1.9329999685287476,1.8619999885559082,1.0,13.087056159973145,16.57375259399414,17.79263687133789,11.110143661499023,2.087616443634033,17.301471710205078,0.45008188486099243,3.155611276626587,668.66015625,3778.0,5.2750563621521,10.369474792480469,13.822526931762695,3.665539264678955,2.4598114490509033,7.3252949714660645,0.043778110295534134,0.09049467742443085,2.7831368446350098,5.98294105529785,9.527568817138672,71.5468521118164,78.32443389892578,78.62322998046875,71.41070556640625,53.09809494018555,78.5593032836914,0.15150845050811768,0.22108863294124603,3.8764405250549316,6.739075660705566,10.026330947875977,112.78408304850261,4.572589841132013,96.75152587890625,6.8109357424035375
huaping_main,83,/media/chenshuai/czy_data22/pih_dataset/260630_v8j_huaping/peg_in_hole_0630/episode_83.hdf5,474,23.7,1.0,39.090179443359375,1.252151370048523,3.137204408645628,233.09190368652344,166.86236572265625,48.78186798095703,166.65054321289062,86.52052307128906,5.396581172943115,46.571250915527344,10.115364074707031,1.0,0.32547178864479065,0.5774280071258545,1.0493394136428833,7.950999736785889,48.70399856567383,3.2950000762939453,86.64199829101562,4.061000347137451,46.72500228881836,8.902999877929688,13.101553916931152,60.24562091827392,1.0,0.372982919216156,0.0007885473896749318,0.001341053587384522,0.002277615014463663,0.18965135514736176,0.20049799978733063,0.39041900634765625,0.2012079954147339,0.05267000198364258,-0.005301999859511852,-0.01568100042641163,0.0904100090265274,0.2884950041770935,0.2808069884777069,0.04200005531311035,3.140000104904175,3.121999979019165,0.0689999982714653,-0.006000000052154064,-0.026000000536441803,0.056999921798706055,1.9329999685287476,1.8799999952316284,1.0,13.200907707214355,16.352060413360597,26.28090476989746,11.104065895080566,1.024104118347168,26.03951072692871,0.49468421936035156,3.909109354019165,700.6931762695312,3958.0,4.957170486450195,10.788235521316526,15.681564331054688,3.5225212574005127,2.3493759632110596,7.729930877685547,0.03912927582859993,0.10345900803804398,2.9616379737854004,6.81714503765106,12.026520729064941,70.24225616455078,76.30229110717774,79.32424926757812,70.11862182617188,50.253028869628906,79.25830841064453,0.1425507515668869,0.2211197465658188,4.049893379211426,7.2643682003021235,12.180133819580078,113.41748046875,4.580844742538507,97.35799662272136,7.023230472404395
huaping_main,84,/media/chenshuai/czy_data22/pih_dataset/260630_v8j_huaping/peg_in_hole_0630/episode_84.hdf5,384,19.2,1.0,38.9102668762207,1.6541855335235596,2.717129945755003,234.28189086914062,165.73419189453125,50.54943084716797,165.57763671875,89.61051177978516,5.099996089935303,48.29672622680664,8.370468139648438,1.0,0.40528765320777893,0.7022094964981078,0.8964284062385559,6.84499979019165,50.34300231933594,4.914000034332275,89.79600524902344,3.2790002822875977,48.64599609375,8.721000671386719,12.136234283447266,51.42288761138913,1.0,0.3668946325778961,0.0009579494362697005,0.0015564455650746822,0.002207936253398657,0.2039383500814438,0.21219497919082642,0.3903999924659729,0.18715199828147888,0.047478001564741135,-0.0052200001664459705,-0.019641000777482986,0.08908799290657043,0.2881760001182556,0.27962398529052734,0.057000160217285156,3.140000104904175,3.119999885559082,0.050999999046325684,-0.006000000052154064,-0.04100000113248825,0.0690000057220459,1.9329999685287476,1.8680000305175781,1.0,12.883524894714355,17.186588573455808,19.322444915771484,9.81260871887207,-0.4183446168899536,18.590591430664062,0.6540016531944275,3.634449005126953,661.4073486328125,3891.0,6.1529107093811035,14.038418912887574,16.8718204498291,3.9674007892608643,2.16117000579834,8.448956489562988,0.045012813061475754,0.10687171667814255,3.479793071746826,8.354691505432127,15.037416458129883,66.6975326538086,70.68370742797852,72.25962829589844,66.55023193359375,48.64076232910156,72.19812774658203,0.13585159182548523,0.2005625218153,4.071390151977539,7.591118431091308,18.079782485961914,112.54706064860027,4.020996664320378,97.24726104736328,6.786089431590803
huaping_main,85,/media/chenshuai/czy_data22/pih_dataset/260630_v8j_huaping/peg_in_hole_0630/episode_85.hdf5,470,23.5,1.0,39.996826171875,1.4840235710144043,5.254306507110593,238.64724731445312,171.45352172851562,47.840293884277344,170.45849609375,88.466796875,6.026452541351318,45.489646911621094,9.343551635742188,1.0,0.348208487033844,0.7336561203002929,1.272139072418213,5.729000091552734,47.7339973449707,2.260000228881836,88.99100494384766,4.210999965667725,45.93800354003906,8.59100341796875,17.4245662689209,102.59831085205077,1.0,0.4018549621105194,0.0008568335906602442,0.0018822667887434352,0.003392168553546071,0.1861858069896698,0.2107120007276535,0.39033201336860657,0.20414799451828003,0.034689001739025116,-0.005295999813824892,-0.0049230000004172325,0.0867450088262558,0.28821301460266113,0.2874870002269745,0.04699993133544922,3.1419999599456787,3.128999948501587,0.07599999755620956,-0.004999999888241291,-0.039000000804662704,0.0559999942779541,1.934999942779541,1.8919999599456787,1.0,13.511548042297363,16.53981418609619,25.361406326293945,11.912792205810547,5.647048473358154,24.938495635986328,0.37718895077705383,2.3648617267608643,679.280517578125,3774.0,3.4883999824523926,8.241124439239499,9.669525146484375,2.714472770690918,2.144139051437378,5.117453098297119,0.023352263495326042,0.06853021681308746,2.4397659301757812,5.010945034027097,8.421571731567383,67.80677032470703,72.11516647338867,73.759765625,67.73416900634766,56.54593276977539,73.72753143310547,0.12539903819561005,0.17905385792255402,3.642320394515991,6.056324887275696,11.371079444885254,113.12233988444011,4.480508874231791,97.27211507161458,5.6798676964750205
huaping_main,86,/media/chenshuai/czy_data22/pih_dataset/260630_v8j_huaping/peg_in_hole_0630/episode_86.hdf5,472,23.6,1.0,38.2203254699707,1.2335692644119263,2.126263976097107,238.9323272705078,168.9666748046875,50.29969024658203,168.92359924316406,88.5916748046875,4.981085777282715,47.83911895751953,10.586719512939453,1.0,0.32461994886398315,0.5993756055831909,1.0036792755126953,7.054999828338623,50.257999420166016,3.811999797821045,88.70800018310547,3.668999671936035,48.066001892089844,9.66400146484375,9.517495155334473,37.41122436523436,1.0,0.3627249300479889,0.0007701166323386133,0.0012963046319782734,0.002067897468805313,0.20619814097881317,0.21178200840950012,0.3903369903564453,0.18509499728679657,0.0420910008251667,-0.00519599998369813,-0.012217000126838684,0.09218700230121613,0.2883630096912384,0.26981300115585327,0.04400014877319336,3.1410000324249268,3.127000093460083,0.06499999761581421,-0.006000000052154064,-0.04399999976158142,0.09200000762939453,1.9329999685287476,1.8450000286102295,1.0,13.41421890258789,19.56683568954468,25.23162269592285,9.669074058532715,-6.894397735595703,17.152910232543945,0.7453587055206299,5.321911334991455,707.00244140625,5708.0,6.39943265914917,19.063292980194092,23.322755813598633,4.225081443786621,2.1572043895721436,12.012622833251953,0.04812942072749138,0.1324920803308487,3.732416868209839,9.882992315292356,18.26567268371582,66.82964324951172,72.96331024169922,78.38075256347656,66.64845275878906,38.66337585449219,78.32698059082031,0.1308242678642273,0.2143084853887558,4.358816623687744,9.004924011230466,13.620941162109375,111.24041493733723,4.479438198596078,96.68618265787761,5.92693542685239
huaping_main,87,/media/chenshuai/czy_data22/pih_dataset/260630_v8j_huaping/peg_in_hole_0630/episode_87.hdf5,410,20.5,1.0,38.24465560913086,1.2886790037155151,2.3069184780120846,219.33274841308594,156.33251953125,48.68008804321289,153.76284790039062,87.5634536743164,5.377840995788574,46.77027893066406,9.777774810791016,1.0,0.3618333339691162,0.6576103091239927,1.1593928337097168,7.930999755859375,48.59700012207031,3.072000026702881,87.76499938964844,4.156999588012695,47.053001403808594,9.042999267578125,9.52612590789795,45.43217830657954,1.0,0.35558438301086426,0.0008693994604982436,0.0017132952110841863,0.0030528507195413113,0.2020302414894104,0.20694799721240997,0.390394002199173,0.18976999819278717,0.05026499927043915,-0.0052280002273619175,-0.018713999539613724,0.09070199728012085,0.28813400864601135,0.2685289978981018,0.05299997329711914,3.1410000324249268,3.1429998874664307,0.06599999964237213,-0.006000000052154064,-0.027000000700354576,0.06599998474121094,1.9320000410079956,1.8730000257492065,1.0,12.480683326721191,16.562239742279047,18.68630027770996,10.115448951721191,0.9566515684127808,18.137771606445312,0.5527310967445374,3.3961687088012695,643.9418334960938,3867.0,5.657434940338135,11.177509260177608,14.543821334838867,3.8962197303771973,2.272541046142578,7.616951942443848,0.04256758466362953,0.08836041390895844,3.0725197792053223,7.302899813652037,12.219505310058594,67.828369140625,71.77119407653808,75.43157196044922,67.73004913330078,48.437557220458984,75.34675598144531,0.12324721366167068,0.19390851259231567,3.738408327102661,6.983129525184632,10.57955551147461,112.16058858235677,3.9475447907466394,96.14078776041667,7.765286297670534
huaping_main,88,/media/chenshuai/czy_data22/pih_dataset/260630_v8j_huaping/peg_in_hole_0630/episode_88.hdf5,440,22.0,1.0,38.85980224609375,1.2619496583938599,3.446017122268671,227.36546325683594,165.82106018066406,49.1442756652832,163.46397399902344,89.83708953857422,4.433487892150879,46.9088020324707,8.826408386230469,1.0,0.3404937982559204,0.6241803526878354,0.9508579969406128,7.914000034332275,49.194000244140625,3.3389999866485596,90.3429946899414,3.255000114440918,47.45100021362305,7.486000061035156,12.588717460632324,59.106968307494995,1.0,0.35912981629371643,0.0008180633885785937,0.0014025812270119782,0.0020481767132878304,0.20594406127929688,0.20708999037742615,0.3904309868812561,0.18653300404548645,0.04926599562168121,-0.005179000087082386,-0.01772099919617176,0.0901540070772171,0.28814101219177246,0.26203998923301697,0.057000160217285156,3.140000104904175,3.130000114440918,0.057999998331069946,-0.006000000052154064,-0.03999999910593033,0.09300005435943604,1.9320000410079956,1.8389999866485596,1.0,12.736953735351562,15.931127834320067,17.52811622619629,10.940095901489258,1.2384393215179443,17.04488182067871,0.39785996079444885,1.8115731477737427,668.7633056640625,3877.0,4.547786712646484,9.69328894615173,11.595252990722656,3.3839449882507324,2.179028034210205,6.8858466148376465,0.035235557705163956,0.07794713228940964,2.7401864528656006,6.170504093170165,11.697747230529785,68.0744857788086,70.26567726135254,71.8289566040039,68.01799011230469,61.532814025878906,71.763671875,0.118394635617733,0.15695147216320038,3.7820329666137695,6.903167343139646,12.565999031066895,111.48994954427083,4.718274808784174,96.57770538330078,5.822634513008796
huaping_main,89,/media/chenshuai/czy_data22/pih_dataset/260630_v8j_huaping/peg_in_hole_0630/episode_89.hdf5,476,23.8,1.0,38.694007873535156,1.2524371147155762,1.738198757171629,222.9807891845703,157.63934326171875,51.098941802978516,157.69068908691406,88.66522216796875,4.334161758422852,46.671852111816406,6.0206146240234375,1.0,0.3271109163761139,0.6237866759300231,0.9673721194267273,6.0980000495910645,51.04899978637695,4.105000019073486,88.91999816894531,2.5310001373291016,46.84700012207031,7.269004821777344,8.36982250213623,33.1069974899292,1.0,0.3797728419303894,0.0007995217456482351,0.0016212155460380011,0.002470735227689147,0.20382443070411682,0.2153960019350052,0.39033499360084534,0.18661600351333618,0.04419099912047386,-0.0052109998650848866,-0.011560999788343906,0.09199100732803345,0.2883490025997162,0.2899770140647888,0.037999868392944336,3.1410000324249268,3.1440000534057617,0.035999998450279236,-0.007000000216066837,-0.019999999552965164,0.07499992847442627,1.9329999685287476,1.8580000400543213,1.0,12.559378623962402,16.46403932571411,20.044166564941406,9.498396873474121,-1.8526506423950195,19.671920776367188,0.6654157638549805,3.117743492126465,650.6905517578125,3915.0,5.622586727142334,11.788972854614258,14.407129287719727,3.7237861156463623,2.1780812740325928,7.73711633682251,0.040960539132356644,0.08960001170635223,3.0793139934539795,7.2139188051223755,11.369743347167969,65.83454895019531,69.97368049621582,72.26732635498047,65.72071838378906,50.03360366821289,72.2109146118164,0.1206822544336319,0.18362179398536682,3.6788623332977295,6.648844838142395,9.466795921325684,112.44413757324219,4.61770239481212,96.37093098958333,6.7799761574037785
huaping_main,90,/media/chenshuai/czy_data22/pih_dataset/260630_v8j_huaping/peg_in_hole_0630/episode_90.hdf5,453,22.65,1.0,40.10509490966797,1.3642295598983765,4.488643455505371,246.89614868164062,175.7064666748047,48.07908630371094,173.38729858398438,88.12657165527344,5.1783671379089355,46.41385269165039,7.879966735839844,1.0,0.3304130434989929,0.5795986711978912,0.7261072397232056,3.498000144958496,47.94199752807617,2.2260000705718994,88.375,3.86899995803833,46.76499557495117,5.541999816894531,18.018230438232422,77.79314422607408,1.0,0.3471876382827759,0.0007681142305955291,0.0012933881778735667,0.0017553921788930893,0.19305695593357086,0.2073509842157364,0.39037299156188965,0.19754500687122345,0.029848000034689903,-0.00520299980416894,-0.004984000232070684,0.08964499831199646,0.2884019911289215,0.2790049910545349,6.2820000648498535,3.140000104904175,-3.128999948501587,0.061000000685453415,-0.006000000052154064,-0.032999999821186066,0.06999993324279785,1.9329999685287476,1.8660000562667847,1.0,12.736702919006348,16.489081954956056,19.89883804321289,10.100299835205078,-0.47792428731918335,17.28935432434082,0.5492682456970215,3.91819167137146,643.0781860351562,3887.0,6.217700481414795,14.019011878967284,18.234432220458984,3.8798739910125732,2.1246814727783203,8.483933448791504,0.04095689579844475,0.11924833059310913,3.121293783187866,7.523991584777834,14.418814659118652,145.32762145996094,179.61912231445314,180.4640655517578,145.21771240234375,76.55168914794922,180.44557189941406,0.33334317803382874,0.4479535222053528,3.3104071617126465,6.793095111846928,15.682948112487793,111.79440053304036,4.662842720341022,96.9526850382487,5.783190977034351
huaping_main,91,/media/chenshuai/czy_data22/pih_dataset/260630_v8j_huaping/peg_in_hole_0630/episode_91.hdf5,422,21.1,1.0,39.009361267089844,1.3393367528915405,3.2407002449035645,233.73114013671875,166.39361572265625,49.783592224121094,164.07037353515625,88.43803405761719,6.240548610687256,46.85806655883789,8.943099975585938,1.0,0.33636119961738586,0.6213528513908386,1.2388451099395752,5.333000183105469,49.96800231933594,1.9279999732971191,88.91199493408203,4.011000156402588,47.361000061035156,7.609001159667969,9.926122665405273,43.2189130783081,1.0,0.3278590440750122,0.0007787625654600561,0.0012961003230884671,0.0019090700661763549,0.20466729998588562,0.2082739919424057,0.3904249966144562,0.18801400065422058,0.03484399989247322,-0.0051449998281896114,0.00013600000238511711,0.08813901245594025,0.28804799914360046,0.25820499658584595,0.04900002479553223,3.140000104904175,3.11899995803833,0.04899999871850014,-0.007000000216066837,-0.014999999664723873,0.10199999809265137,1.9320000410079956,1.8300000429153442,1.0,13.040433883666992,16.790012264251708,19.642019271850586,10.480257987976074,1.3257901668548584,18.536239624023438,0.5266310572624207,3.8304247856140137,663.9093017578125,3857.0,5.824454307556152,15.236601734161377,18.459428787231445,3.6792542934417725,2.5385587215423584,8.488018035888672,0.04332888498902321,0.12282193452119827,3.091651201248169,7.488164019584651,15.369746208190918,110.70511627197266,136.75256576538087,137.21478271484375,110.41908264160156,63.19661331176758,137.16146850585938,0.33306172490119934,0.38903629779815674,4.337352752685547,9.570542240142823,18.781421661376953,111.43878428141277,4.057869749367319,97.44127909342448,5.181113336623219
huaping_main,92,/media/chenshuai/czy_data22/pih_dataset/260630_v8j_huaping/peg_in_hole_0630/episode_92.hdf5,419,20.95,1.0,38.56161117553711,1.3538349866867065,3.0379874348640423,234.8021240234375,166.06692504882812,49.59293746948242,165.98187255859375,87.73123168945312,4.759578704833984,46.50713348388672,7.0010528564453125,1.0,0.3492014706134796,0.5600062429904936,0.857886016368866,4.368000030517578,49.59299850463867,1.9869999885559082,87.90999603271484,3.5200002193450928,46.697998046875,6.0970001220703125,9.866705894470215,38.18781394958489,1.0,0.35164397954940796,0.0008412535535171628,0.001449320768006146,0.00237018009647727,0.20023111999034882,0.2063409984111786,0.39037299156188965,0.19112800061702728,0.0329039990901947,-0.0052269999869167805,-0.0005670000100508332,0.08557701110839844,0.28826799988746643,0.26897498965263367,0.040000200271606445,3.140000104904175,3.134000062942505,0.061000000685453415,-0.006000000052154064,-0.03400000184774399,0.06299996376037598,1.9329999685287476,1.8700000047683716,1.0,13.48002815246582,16.306626510620116,18.527080535888672,11.955052375793457,4.010071754455566,17.98701286315918,0.31428980827331543,1.886076807975769,673.9686279296875,3948.0,4.122406482696533,8.452778434753418,10.987801551818848,3.061781883239746,2.400024652481079,5.379528999328613,0.028328947722911835,0.08192987740039825,2.5804033279418945,5.23380331993103,9.760458946228027,90.25762939453125,93.0922019958496,93.87379455566406,90.07131958007812,77.22208404541016,93.72630310058594,0.2981950044631958,0.3479020595550537,4.081517219543457,7.180950546264648,11.759798049926758,111.28529612223308,3.951107864290043,97.64161682128906,5.521044381348898
huaping_main,93,/media/chenshuai/czy_data22/pih_dataset/260630_v8j_huaping/peg_in_hole_0630/episode_93.hdf5,404,20.2,1.0,38.31292724609375,1.363221287727356,1.7285632729530331,230.6131591796875,163.23062133789062,49.41986083984375,162.89381408691406,87.72628784179688,3.21671724319458,47.359642028808594,8.2061767578125,1.0,0.3617325723171234,0.6212896049022674,0.7988011837005615,5.433000087738037,49.39899826049805,4.168999671936035,87.76399993896484,2.2039999961853027,47.45600509643555,7.672004699707031,8.5936918258667,42.143018150329546,1.0,0.35331210494041443,0.000876704987604171,0.0014874755172058934,0.0021922201849520206,0.2087574601173401,0.2117529958486557,0.39029601216316223,0.18421900272369385,0.03813499957323074,-0.005251000169664621,-0.008179999887943268,0.09049800038337708,0.288116991519928,0.2549000084400177,0.042999982833862305,3.1410000324249268,3.13100004196167,0.04699999839067459,-0.006000000052154064,-0.041999999433755875,0.05200004577636719,1.9329999685287476,1.8910000324249268,1.0,13.026028633117676,16.752094078063962,19.348941802978516,10.327136039733887,-5.253725051879883,17.32725715637207,0.5503768920898438,3.6738502979278564,664.8440551757812,3752.0,5.810404300689697,14.74037532806396,20.056262969970703,3.7112441062927246,1.6612837314605713,9.706554412841797,0.040251411497592926,0.13274811208248138,3.30879282951355,7.98992781639099,15.49332046508789,90.46358489990234,95.91846885681153,96.57389831542969,90.2575454711914,69.75951385498047,96.52399444580078,0.2959820628166199,0.3528594374656677,4.466111660003662,8.846204710006711,15.39321517944336,112.07918548583984,3.5633598104318343,97.09060160319011,6.121225753254427
huaping_main,94,/media/chenshuai/czy_data22/pih_dataset/260630_v8j_huaping/peg_in_hole_0630/episode_94.hdf5,436,21.8,1.0,38.6263427734375,1.3461390733718872,1.7350705027580238,219.3273468017578,156.12506103515625,52.03640365600586,153.97732543945312,83.9290771484375,4.598583221435547,45.783836364746094,12.017387390136719,1.0,0.35804927349090576,0.6015794336795807,0.8554836511611938,6.209000110626221,52.14800262451172,3.556999683380127,84.75,2.9700000286102295,46.47700119018555,11.233001708984375,7.795113563537598,36.958306312561035,1.0,0.37460196018218994,0.0008611539378762245,0.0016008642851375041,0.0024865195155143738,0.2064477801322937,0.20976699888706207,0.3904229998588562,0.1840669959783554,0.03838200122117996,-0.005150000099092722,-0.001297999988310039,0.09101800620555878,0.2879219949245453,0.29272300004959106,0.04200005531311035,3.140000104904175,3.132999897003174,0.02499999850988388,-0.006000000052154064,-0.009999999776482582,0.08599996566772461,1.930999994277954,1.8450000286102295,1.0,13.527303695678711,16.161194324493408,20.712312698364258,12.473566055297852,5.049393177032471,20.395856857299805,0.1977221667766571,1.2729254961013794,708.0812377929688,3819.0,2.774744987487793,4.861474871635437,6.0132155418396,2.3182613849639893,1.5409396886825562,5.839783668518066,0.01638336293399334,0.05320936441421509,2.1846530437469482,4.040103197097778,7.252575397491455,99.76239013671875,103.28265190124512,104.16600036621094,99.70728302001953,96.48589324951172,104.07091522216797,0.28952303528785706,0.3224388360977173,3.8823111057281494,6.560658931732178,14.16295051574707,112.89670054117839,4.772377617900345,97.1022466023763,6.347878539770006
huaping_main,95,/media/chenshuai/czy_data22/pih_dataset/260630_v8j_huaping/peg_in_hole_0630/episode_95.hdf5,413,20.65,1.0,38.60932540893555,1.3593827486038208,1.639555978775022,229.1161651611328,162.0927734375,49.505760192871094,161.91311645507812,89.89125061035156,4.608213901519775,48.632328033447266,8.6903076171875,1.0,0.3773331046104431,0.6777241349220275,1.0671764612197876,5.855999946594238,49.50499725341797,3.0999999046325684,90.16200256347656,4.186999797821045,48.856998443603516,7.8260040283203125,10.118504524230957,34.792586517333966,1.0,0.3581342399120331,0.0008692578412592411,0.0014730888651683927,0.0029175300151109695,0.20649349689483643,0.20956701040267944,0.3903520107269287,0.18466299772262573,0.04367399960756302,-0.00522099994122982,-0.010452999733388424,0.08646899461746216,0.2882919907569885,0.2708500027656555,6.281000137329102,3.140000104904175,-3.121000051498413,0.04600000008940697,-0.006000000052154064,-0.03500000014901161,0.06199991703033447,1.9329999685287476,1.871999979019165,1.0,13.048803329467773,16.420274353027345,24.32869529724121,11.5237398147583,3.970438003540039,24.003250122070312,0.31464752554893494,2.0988707542419434,695.9349975585938,3815.0,3.5258705615997314,7.841896438598632,9.606392860412598,2.529633045196533,1.780711054801941,4.787325859069824,0.02257140353322029,0.07230871915817261,2.3222498893737793,4.686895751953124,8.345450401306152,99.409912109375,103.59176025390624,103.90725708007812,99.33499145507812,85.61231231689453,103.88018798828125,0.29428714513778687,0.3507577180862427,4.09787130355835,6.967407608032222,12.686101913452148,112.59524536132812,4.615255314890717,97.25071970621745,6.299547718862951
huaping_main,96,/media/chenshuai/czy_data22/pih_dataset/260630_v8j_huaping/peg_in_hole_0630/episode_96.hdf5,392,19.6,1.0,38.958126068115234,1.5161157846450806,2.790173888206482,244.5596466064453,174.02085876464844,50.70991134643555,171.76173400878906,90.45762634277344,5.047236442565918,47.07524108886719,8.549156188964844,1.0,0.3921198844909668,0.7367807924747467,1.1448116302490234,6.105999946594238,50.7130012512207,3.1529998779296875,90.66499328613281,2.5879998207092285,47.255001068115234,6.4720001220703125,11.012640953063965,40.565990829467765,1.0,0.37290486693382263,0.0009537208825349808,0.0017308879760093987,0.0024710304569453,0.20570242404937744,0.2098429948091507,0.39035698771476746,0.18568000197410583,0.03653699904680252,-0.005229000002145767,-0.0017340000486001372,0.0877389907836914,0.2883029878139496,0.2680889964103699,0.039999961853027344,3.140000104904175,3.132999897003174,0.039000000804662704,-0.006000000052154064,-0.02500000037252903,0.07600009441375732,1.9320000410079956,1.8580000400543213,1.0,12.774079322814941,16.24275321960449,22.993621826171875,10.691386222839355,0.4279561936855316,22.828603744506836,0.4392450749874115,3.0537848472595215,666.4974365234375,3725.0,4.474106788635254,9.646159458160396,13.411691665649414,2.9235429763793945,1.819366693496704,6.375598907470703,0.03240674361586571,0.09695611149072647,2.919377088546753,6.689797854423523,10.618376731872559,96.76580810546875,103.06894912719727,105.75914764404297,96.68140411376953,75.69303894042969,105.74559783935547,0.2835092544555664,0.33937087655067444,3.916627883911133,7.255747771263121,11.038154602050781,111.58828735351562,4.920754457198193,96.17567443847656,5.477477578601867
huaping_main,97,/media/chenshuai/czy_data22/pih_dataset/260630_v8j_huaping/peg_in_hole_0630/episode_97.hdf5,479,23.95,1.0,38.667518615722656,1.122705101966858,1.4077593445777876,217.78768920898438,156.16712951660156,48.90549087524414,155.8055419921875,87.86378479003906,5.879692077636719,45.863502502441406,8.426246643066406,1.0,0.31637364625930786,0.6869187027215957,1.2212022542953491,6.583000183105469,48.865997314453125,3.3929998874664307,88.15799713134766,3.434999942779541,46.0890007019043,7.138999938964844,9.49903392791748,38.67653656005859,1.0,0.3646824359893799,0.0007629339816048741,0.0015175613458268341,0.002859559841454029,0.20667512714862823,0.20695199072360992,0.3903549909591675,0.18510200083255768,0.047130003571510315,-0.005222999956458807,-0.012052999809384346,0.08729800581932068,0.28820300102233887,0.26498299837112427,6.279999732971191,3.140000104904175,-3.125999927520752,0.050999999046325684,-0.006000000052154064,-0.041999999433755875,0.0700000524520874,1.9320000410079956,1.8630000352859497,1.0,13.028240203857422,16.147797966003417,20.061771392822266,11.328721046447754,-1.871285080909729,19.55475616455078,0.3297131359577179,1.3247753381729126,665.881591796875,4136.0,3.993128776550293,9.308717441558835,14.767675399780273,2.799680233001709,1.8445641994476318,7.264042854309082,0.026834644377231598,0.10450462251901627,2.6731269359588623,5.616084814071654,12.370697021484375,96.97742462158203,99.46732025146484,102.85668182373047,96.92779541015625,89.10877990722656,102.83039093017578,0.27971017360687256,0.30546775460243225,3.679798126220703,6.318550968170164,9.604222297668457,112.37882995605469,4.439625580732227,96.90807596842448,5.956588276994851
huaping_main,98,/media/chenshuai/czy_data22/pih_dataset/260630_v8j_huaping/peg_in_hole_0630/episode_98.hdf5,359,17.95,1.0,38.65137481689453,1.6841228008270264,3.887731528282164,231.92335510253906,164.04312133789062,49.676109313964844,163.93234252929688,90.16445922851562,4.372928142547607,46.73080062866211,9.579719543457031,1.0,0.4443822205066681,0.8369847327470777,1.2268621921539307,5.306999683380127,49.70399856567383,2.328000068664551,90.52799987792969,3.992999792098999,47.10399627685547,8.624000549316406,11.717957496643066,50.71363868713369,1.0,0.3767881989479065,0.0010524810058996081,0.0018527712149079888,0.0035916271153837442,0.20840024948120117,0.2121250033378601,0.3903430104255676,0.1832450032234192,0.03363199904561043,-0.005187000147998333,-0.005410999990999699,0.08826200664043427,0.2883700132369995,0.26510998606681824,6.2820000648498535,3.1410000324249268,-3.128000020980835,0.058000002056360245,-0.006000000052154064,-0.023000000044703484,0.060000061988830566,1.9329999685287476,1.8769999742507935,1.0,13.229607582092285,16.370016288757324,18.244935989379883,11.753795623779297,1.7550439834594727,17.8301944732666,0.30376094579696655,1.8583422899246216,691.2307739257812,3843.0,3.579171895980835,7.19356293678283,12.049959182739258,2.729341506958008,1.714337944984436,6.117755889892578,0.02404101938009262,0.08814826607704163,2.6601767539978027,5.2835915088653564,9.831498146057129,99.9798583984375,110.45755310058593,128.57518005371094,99.92707824707031,87.33983612060547,128.43653869628906,0.28476792573928833,0.33508992195129395,4.3796820640563965,7.958137416839597,16.596912384033203,112.11928304036458,4.70888292293824,96.37759653727214,6.259911313286832
huaping_main,99,/media/chenshuai/czy_data22/pih_dataset/260630_v8j_huaping/peg_in_hole_0630/episode_99.hdf5,426,21.3,1.0,37.949951171875,1.4666500091552734,1.4784958839416462,208.6240692138672,148.75811767578125,50.516319274902344,146.20225524902344,86.8348388671875,6.431608200073242,46.52973556518555,8.35980224609375,1.0,0.3678220212459564,0.7979634881019585,1.1886762380599976,5.4670000076293945,50.270999908447266,3.0910000801086426,87.13199615478516,5.01800012588501,46.6879997253418,6.602996826171875,5.869207859039307,26.387083530426025,1.0,0.3729346990585327,0.000877493410371244,0.0020976800937205506,0.003459479194134474,0.20479974150657654,0.20638801157474518,0.39034199714660645,0.18584099411964417,0.045997001230716705,-0.005191999953240156,-0.01566299982368946,0.08729101717472076,0.2885409891605377,0.2849870026111603,6.279000282287598,3.140000104904175,-3.115000009536743,0.04800000041723251,-0.006000000052154064,0.007000000216066837,0.07300007343292236,1.934000015258789,1.8609999418258667,1.0,12.78572940826416,16.834155559539795,22.75433921813965,10.423754692077637,0.9589313268661499,22.275150299072266,0.5075256824493408,3.52536940574646,670.7769775390625,4126.0,3.539365768432617,11.217384815216064,15.569344520568848,1.6944141387939453,0.2837598919868469,7.444393634796143,0.02858264371752739,0.0923176258802414,2.1463584899902344,6.594171404838562,12.71204662322998,35.96824264526367,57.44184970855713,57.84079360961914,35.78216552734375,18.363733291625977,57.73760223388672,0.03441314399242401,0.13276857137680054,3.06990385055542,6.127492904663086,14.713641166687012,112.37754821777344,4.416666624253416,95.38406117757161,8.679448609719985
huaping_main,100,/media/chenshuai/czy_data22/pih_dataset/260630_v8j_huaping/peg_in_hole_0630/episode_100.hdf5,445,22.25,1.0,39.16336441040039,1.2557848691940308,3.264219427108763,226.95713806152344,164.57424926757812,49.45631790161133,164.38265991210938,87.65155029296875,3.2855849266052246,44.79774856567383,7.439247131347656,1.0,0.3313315212726593,0.5421111583709716,0.6930592060089111,7.4670000076293945,49.41499710083008,3.7249999046325684,87.83800506591797,1.715000033378601,44.979000091552734,7.2030029296875,10.784493446350098,51.094917297363196,1.0,0.3537159562110901,0.000796657579485327,0.0012891902762930836,0.0017279309686273336,0.2001093178987503,0.20425298810005188,0.3903610110282898,0.19044600427150726,0.04289500042796135,-0.005239000078290701,-0.004449000116437674,0.08507499098777771,0.28836700320243835,0.27958598732948303,0.0279998779296875,3.140000104904175,3.1419999599456787,0.04399999976158142,-0.006000000052154064,-0.039000000804662704,0.07599997520446777,1.9329999685287476,1.8569999933242798,1.0,12.884147644042969,16.18487548828125,17.41606903076172,11.309024810791016,-1.0596458911895752,16.79344367980957,0.30296191573143005,2.0624752044677734,664.9900512695312,3865.0,2.5845673084259033,8.417350769042953,13.049206733703613,1.294288158416748,0.3451666235923767,6.232532978057861,0.020960547029972076,0.08019977062940598,1.6605991125106812,4.325387763977051,10.298686027526855,31.620563507080078,33.149862670898436,33.43170928955078,31.524932861328125,26.199813842773438,33.366600036621094,0.01802305318415165,0.08109962940216064,2.8659064769744873,5.07007360458374,7.903014183044434,111.8933842976888,4.624668917814041,96.51785024007161,5.363445413578036
huaping_no_grasp_change,1,/media/chenshuai/czy_data22/pih_dataset/260630_v8j_huaping/peg_in_hole_0630/无夹取位置变化/episode_1.hdf5,407,20.35,1.0,39.16489791870117,0.43358007073402405,1.1500270664691925,3.342095136642456,45.42050552368164,45.0206184387207,38.49859619140625,83.61871337890625,3.4558987617492676,43.7061882019043,10.608116149902344,1.0,0.3419294059276581,0.679015651345253,1.345745325088501,9.690999984741211,45.48099899291992,1.909999966621399,83.95700073242188,2.4679999351501465,44.0,12.064002990722656,5.528069496154785,33.25882968902586,1.0,0.32126882672309875,0.0007913025328889489,0.0015650744899176061,0.002094624564051628,0.21122626960277557,0.20657499134540558,0.3902910053730011,0.18994499742984772,0.048572998493909836,-0.005109999794512987,0.028311999514698982,0.09345699846744537,0.28822100162506104,0.23024700582027435,6.279999732971191,3.1410000324249268,3.134999990463257,0.07000000029802322,-0.006000000052154064,-0.0560000017285347,0.07199990749359131,1.934000015258789,1.8630000352859497,1.0,12.929654121398926,16.081599235534668,18.30569839477539,10.964859008789062,-0.2780887186527252,17.74298095703125,0.24920913577079773,1.647060513496399,635.71044921875,3943.0,2.4545390605926514,2.9148279190063473,3.298356771469116,1.7449941635131836,1.5260578393936157,2.044802188873291,0.022896787151694298,0.032013360410928726,1.8858685493469238,2.92006778717041,3.550704002380371,127.56085205078125,128.02517852783203,128.37692260742188,127.5367431640625,126.49747467041016,128.35006713867188,0.0896635577082634,0.1058533564209938,2.9730749130249023,5.219099712371826,6.604612350463867,113.07438405354817,2.708971300811617,101.83909606933594,3.356873447781053
huaping_no_grasp_change,2,/media/chenshuai/czy_data22/pih_dataset/260630_v8j_huaping/peg_in_hole_0630/无夹取位置变化/episode_2.hdf5,392,19.6,1.0,38.817447662353516,1.4744188785552979,3.575931191444397,245.6768798828125,173.7242889404297,48.70515060424805,173.70541381835938,84.4088363647461,3.5396904945373535,45.915958404541016,6.599525451660156,1.0,0.3693789541721344,0.6988615393638611,0.9094874262809753,5.358999729156494,48.790000915527344,1.5019999742507935,84.82400512695312,2.563000202178955,46.30900192260742,8.48699951171875,8.939600944519043,43.73530273437497,1.0,0.3443414568901062,0.0008806686964817345,0.0016716480604372919,0.002340925158932805,0.19675500690937042,0.20151400566101074,0.39013800024986267,0.19471700489521027,0.03557100147008896,-0.005218000151216984,0.011489000171422958,0.09622099995613098,0.28858599066734314,0.2729640007019043,6.281000137329102,3.1419999599456787,3.121000051498413,0.05299999937415123,-0.006000000052154064,-0.03099999949336052,0.07200002670288086,1.9429999589920044,1.871999979019165,1.0,12.076570510864258,16.264386558532713,17.380348205566406,9.096051216125488,-7.320356845855713,16.81818199157715,0.41410213708877563,1.3877007961273193,631.8425903320312,3845.0,2.177050828933716,2.4576830744743345,3.0240750312805176,1.6615127325057983,1.450909972190857,1.877267837524414,0.019981350749731064,0.029771914705634117,1.8009226322174072,2.8384625792503355,3.4301328659057617,128.3015594482422,128.75322723388672,129.0350341796875,128.2750244140625,126.66717529296875,129.00848388671875,0.08984935283660889,0.10984183847904205,3.0764317512512207,5.224894189834595,6.177855014801025,113.49248758951823,3.4139569530478284,99.18259938557942,5.003609720938036
huaping_no_grasp_change,3,/media/chenshuai/czy_data22/pih_dataset/260630_v8j_huaping/peg_in_hole_0630/无夹取位置变化/episode_3.hdf5,325,16.25,1.0,39.47038650512695,1.7512378692626953,5.720715260505661,240.04196166992188,169.75698852539062,48.77573776245117,169.7025146484375,85.52794647216797,4.2011613845825195,47.66939163208008,7.775215148925781,1.0,0.4460338056087494,0.805074867606163,1.1766984462738037,7.01200008392334,48.928001403808594,2.2769999504089355,85.93400573730469,2.9800000190734863,48.0890007019043,8.76300048828125,11.245448112487793,53.37776718139654,1.0,0.3419639468193054,0.001055444241501391,0.002187099237926304,0.00338581670075655,0.19419585168361664,0.20303799211978912,0.39033401012420654,0.19736400246620178,0.04498099908232689,-0.0052089998498559,0.007296000141650438,0.0989920049905777,0.2883549928665161,0.2705160081386566,0.04699993133544922,3.140000104904175,3.0989999771118164,0.050999999046325684,-0.006000000052154064,-0.041999999433755875,0.06300008296966553,1.9320000410079956,1.8700000047683716,1.0,12.784358024597168,16.46855697631836,19.512537002563477,7.847857475280762,-9.835027694702148,18.653606414794922,0.5645462870597839,2.7539093494415283,630.4369506835938,3588.0,2.773529052734375,4.83732147216797,6.433440208435059,1.9349586963653564,1.6007438898086548,3.7889907360076904,0.025077151134610176,0.05203644186258316,2.0223476886749268,3.338258838653564,5.481749534606934,127.98661041259766,128.68832092285157,129.0988006591797,127.96562194824219,125.7678451538086,129.0747528076172,0.09274467080831528,0.11985823512077332,2.860167980194092,5.0828038215637195,5.91831111907959,114.17087300618489,3.2787571174097057,101.0394058227539,5.020289576814441
huaping_no_grasp_change,4,/media/chenshuai/czy_data22/pih_dataset/260630_v8j_huaping/peg_in_hole_0630/无夹取位置变化/episode_4.hdf5,369,18.45,1.0,39.73439025878906,1.633544921875,2.9449800610542267,212.4962921142578,158.35055541992188,49.8232307434082,155.58436584472656,84.58758544921875,2.9986748695373535,46.13705825805664,9.66046142578125,1.0,0.39976194500923157,0.7692230463027953,1.2289410829544067,7.8560004234313965,49.5890007019043,5.926000118255615,84.85299682617188,1.1890000104904175,46.355003356933594,10.595001220703125,10.714951515197754,56.24152374267576,1.0,0.3587627410888672,0.0009748987504281104,0.0018594208930153397,0.00276436610147357,0.20091836154460907,0.20106998085975647,0.39031800627708435,0.1906449943780899,0.050255000591278076,-0.005164999980479479,-0.013074999675154686,0.09365399181842804,0.28864699602127075,0.2677589952945709,6.2820000648498535,3.1389999389648438,3.1050000190734863,0.032999999821186066,-0.004999999888241291,-0.032999999821186066,0.07099997997283936,1.930999994277954,1.8660000562667847,1.0,12.065281867980957,16.21173553466797,18.06366729736328,9.783295631408691,-1.8597650527954102,17.648866653442383,0.23081490397453308,1.0240590572357178,644.0325317382812,3655.0,2.280972480773926,2.5293310642242433,2.69450306892395,1.7243250608444214,1.5563790798187256,1.9947582483291626,0.02071879617869854,0.03104586713016033,1.8427700996398926,2.9980193614959716,3.694871187210083,128.81781005859375,129.27649536132813,129.665771484375,128.7935028076172,127.63501739501953,129.641357421875,0.09157170355319977,0.1031189039349556,2.9830121994018555,5.1274007797241214,6.298382759094238,113.90026601155598,3.875713069323452,98.35834248860677,5.809708691016286
huaping_no_grasp_change,5,/media/chenshuai/czy_data22/pih_dataset/260630_v8j_huaping/peg_in_hole_0630/无夹取位置变化/episode_5.hdf5,368,18.4,1.0,38.59999084472656,1.585781216621399,3.894358086585987,211.3275909423828,150.99822998046875,52.73042678833008,150.88284301757812,86.17245483398438,4.786159992218018,46.66436767578125,8.768310546875,1.0,0.40071266889572144,0.7244994938373566,0.98572838306427,7.610000133514404,52.90599822998047,2.4260001182556152,86.73299407958984,2.5929999351501465,47.10099792480469,8.198997497558594,6.724310874938965,25.2551086425781,1.0,0.3671497106552124,0.0010004079667851329,0.0019016363890841602,0.0027792039327323437,0.2108214646577835,0.2171339988708496,0.3903619945049286,0.18025299906730652,0.04938500002026558,-0.005295999813824892,0.005849999841302633,0.09760499000549316,0.2883340120315552,0.27507999539375305,0.04700016975402832,3.140000104904175,3.1080000400543213,0.05299999937415123,-0.006000000052154064,-0.0560000017285347,0.07500004768371582,1.9320000410079956,1.8580000400543213,1.0,12.94616413116455,16.705708503723145,20.035091400146484,9.682522773742676,-7.936192512512207,19.487220764160156,0.4279911518096924,2.706477403640747,642.0287475585938,3788.0,1.5701234340667725,2.1309243917465173,2.7295217514038086,1.3364226818084717,1.1579715013504028,1.7446458339691162,0.008252257481217384,0.025498071685433388,1.389394760131836,2.0370155215263357,3.0081605911254883,133.4994659423828,134.03829650878907,134.19717407226562,133.468505859375,132.2532501220703,134.1615447998047,0.11585391312837601,0.1433050036430359,2.0612642765045166,3.3253508329391477,4.3877034187316895,112.90886688232422,3.305172930322831,101.67568969726562,5.15768298436049
huaping_no_grasp_change,6,/media/chenshuai/czy_data22/pih_dataset/260630_v8j_huaping/peg_in_hole_0630/无夹取位置变化/episode_6.hdf5,360,18.0,1.0,39.05615234375,1.6489779949188232,2.405233454704265,225.36105346679688,160.57899475097656,50.17399978637695,158.05584716796875,82.61227416992188,3.3881733417510986,46.219482421875,9.968978881835938,1.0,0.39475592970848083,0.7229373574256893,1.1198521852493286,9.833999633789062,49.98099899291992,4.452000141143799,82.96200561523438,1.3429999351501465,46.55800247192383,10.757003784179688,7.767301559448242,42.00453071594241,1.0,0.3590471148490906,0.0010001312475651503,0.0020284953992813813,0.0030598535668104887,0.19910211861133575,0.19930000603199005,0.3902980089187622,0.19178999960422516,0.05651500076055527,-0.005171999800950289,0.0015739999944344163,0.0945189893245697,0.28838199377059937,0.2745720148086548,0.026999950408935547,3.1410000324249268,3.114000082015991,0.017000000923871994,-0.007000000216066837,-0.014000000432133675,0.046000003814697266,1.9329999685287476,1.8960000276565552,1.0,12.519243240356445,16.54523687362671,19.825326919555664,10.293740272521973,-0.4794306755065918,19.331262588500977,0.3099031150341034,1.3136805295944214,677.532958984375,3843.0,1.6361044645309448,3.049175548553467,4.2920355796813965,1.2965000867843628,1.1405519247055054,2.5861217975616455,0.010086482390761375,0.0373801589012146,1.4941902160644531,2.4192096829414362,4.255270957946777,132.89561462402344,133.58658752441406,134.19906616210938,132.8614959716797,132.13035583496094,134.13316345214844,0.11911842226982117,0.14120936393737793,2.141171932220459,3.5089300870895377,4.9346771240234375,113.01771036783855,3.4952036512216624,99.40463765462239,7.989735540507684
huaping_no_grasp_change,7,/media/chenshuai/czy_data22/pih_dataset/260630_v8j_huaping/peg_in_hole_0630/无夹取位置变化/episode_7.hdf5,375,18.75,1.0,38.84574508666992,1.6477863788604736,3.3343026041984536,221.15008544921875,157.4913330078125,51.35139465332031,155.18106079101562,88.15032958984375,4.12416410446167,47.223548889160156,10.222824096679688,1.0,0.44844576716423035,0.8465111434459686,1.2647162675857544,7.4079999923706055,51.23899841308594,5.055999755859375,88.3740005493164,1.873000144958496,47.387996673583984,9.477996826171875,8.279375076293945,47.53752593994141,1.0,0.4067380428314209,0.0010875348234549165,0.001965899823699146,0.0034192558377981186,0.20658545196056366,0.21303200721740723,0.3903779983520508,0.18445800244808197,0.04812400043010712,-0.0052200001664459705,-0.009627999737858772,0.09804199635982513,0.28825899958610535,0.2722879946231842,0.032000064849853516,3.1410000324249268,3.11899995803833,0.020999999716877937,-0.006000000052154064,-0.01600000075995922,0.02799999713897705,1.9329999685287476,1.909000039100647,1.0,13.197478294372559,16.55519256591797,21.143056869506836,9.44959545135498,-16.653236389160156,17.721450805664062,0.37607768177986145,2.3458304405212402,636.4563598632812,4147.0,1.4489829540252686,1.603749167919159,1.6409499645233154,1.2721763849258423,1.1432973146438599,1.4747395515441895,0.006962455343455076,0.009868009947240353,1.4186277389526367,1.9727419018745422,2.1600420475006104,133.1412353515625,133.59864196777343,133.82794189453125,133.11207580566406,132.16513061523438,133.78993225097656,0.11561384797096252,0.12853744626045227,2.0592854022979736,3.352492260932922,4.3169941902160645,112.13895161946614,4.373367856320232,95.99048105875652,6.8659391978119775
huaping_no_grasp_change,8,/media/chenshuai/czy_data22/pih_dataset/260630_v8j_huaping/peg_in_hole_0630/无夹取位置变化/episode_8.hdf5,342,17.1,1.0,39.081478118896484,1.5198193788528442,2.981839895248413,219.48275756835938,161.2997283935547,47.97114562988281,157.968994140625,83.20268249511719,3.75710129737854,45.474735260009766,8.590965270996094,1.0,0.4236598312854767,0.851762592792511,1.342539668083191,6.933000087738037,47.89999771118164,4.306000232696533,83.45299530029297,1.681999921798706,45.72099685668945,8.310997009277344,9.451709747314453,60.92584171295164,1.0,0.36534571647644043,0.001071395119652152,0.0024234934244304895,0.0036145925987511873,0.18845075368881226,0.19057701528072357,0.3903619945049286,0.202005997300148,0.039201997220516205,-0.005224999971687794,-0.007466999813914299,0.0957220047712326,0.28827300667762756,0.2827340066432953,6.2820000648498535,3.140000104904175,3.114000082015991,0.03700000047683716,-0.006000000052154064,-0.02199999988079071,0.09399998188018799,1.9329999685287476,1.8450000286102295,1.0,12.420777320861816,16.45047779083252,22.160303115844727,9.802935600280762,-4.55586051940918,21.66488265991211,0.3250858783721924,1.6652811765670776,649.1683349609375,3953.0,1.482260823249817,1.8286719381809233,2.9980268478393555,1.2397574186325073,1.1306570768356323,1.8208039999008179,0.008990613743662834,0.03210743889212608,1.4802786111831665,2.1265425086021406,3.496021032333374,133.02825927734375,133.42441101074218,134.08180236816406,132.99673461914062,131.92384338378906,134.04983520507812,0.11854209750890732,0.13350869715213776,2.1083831787109375,3.4305719733238216,4.304481029510498,112.75406138102214,4.0222349278873155,97.58258819580078,5.9521849648256095
huaping_no_grasp_change,9,/media/chenshuai/czy_data22/pih_dataset/260630_v8j_huaping/peg_in_hole_0630/无夹取位置变化/episode_9.hdf5,315,15.75,1.0,40.56864929199219,0.8561261296272278,3.3429071068763694,9.428421974182129,90.41463470458984,47.88554763793945,87.90474700927734,85.21822357177734,2.9345428943634033,47.68046951293945,7.763427734375,1.0,0.4767918586730957,0.9886701434850675,1.590116024017334,8.12600040435791,46.68499755859375,3.11899995803833,85.58100128173828,1.6340000629425049,47.91499710083008,9.290000915527344,15.058549880981445,112.47158737182617,1.0,0.3732845187187195,0.0011888041626662016,0.0025259562302380797,0.004533503670245409,0.1864781677722931,0.19075100123882294,0.39039701223373413,0.2049729973077774,0.04837999865412712,-0.005222999956458807,0.0029909999575465918,0.09477001428604126,0.2882240116596222,0.2702080011367798,0.03900003433227539,3.1410000324249268,3.114000082015991,0.023000000044703484,-0.007000000216066837,-0.024000000208616257,0.057000041007995605,1.9320000410079956,1.8769999742507935,1.0,11.578561782836914,16.601055908203126,18.262815475463867,8.263813972473145,-9.219476699829102,17.72945785522461,0.3965432345867157,2.015960454940796,607.03857421875,3803.0,1.5375608205795288,1.983728277683258,3.9057400226593018,1.2990765571594238,1.1595667600631714,2.6588382720947266,0.009042967110872269,0.039966799318790436,1.4890128374099731,2.1669434547424316,3.8718442916870117,132.83517456054688,133.27179107666015,133.69268798828125,132.8044891357422,132.0486297607422,133.6268768310547,0.11690949648618698,0.13614903390407562,2.100215196609497,3.4122782945632935,4.9429521560668945,112.66089375813802,3.491955837654798,98.56977081298828,5.373491022702751
huaping_no_grasp_change,10,/media/chenshuai/czy_data22/pih_dataset/260630_v8j_huaping/peg_in_hole_0630/无夹取位置变化/episode_10.hdf5,315,15.75,1.0,38.87105178833008,1.9260895252227783,4.105693030357353,198.49546813964844,151.2615966796875,48.84101867675781,148.47055053710938,87.15751647949219,3.3555071353912354,48.101104736328125,11.826339721679688,1.0,0.5069884061813354,1.0930878579616543,1.2842895984649658,8.270999908447266,48.560997009277344,7.2270002365112305,87.53900146484375,1.784999966621399,48.33000183105469,13.695999145507812,9.993060111999512,54.18951606750489,1.0,0.38086822628974915,0.0012129561509937048,0.0026452292571775594,0.003491630544885993,0.19278496503829956,0.1949860006570816,0.39034000039100647,0.19896699488162994,0.06371700018644333,-0.00521499989554286,-0.02825300022959709,0.09876599907875061,0.2883250117301941,0.2917410135269165,0.056999921798706055,3.1410000324249268,3.1010000705718994,0.04800000041723251,-0.007000000216066837,-0.050999999046325684,0.06699991226196289,1.9329999685287476,1.871000051498413,1.0,11.901744842529297,17.262021827697758,23.03285789489746,8.871999740600586,-13.440630912780762,22.623741149902344,0.3465752899646759,1.461517095565796,642.6861572265625,3913.0,1.4549096822738647,1.656326484680176,1.8102796077728271,1.300967812538147,1.1612313985824585,1.50513756275177,0.0068130833096802235,0.018859462812542915,1.4507973194122314,2.109991717338562,2.5975680351257324,133.07725524902344,133.50954895019532,133.5929718017578,133.04525756835938,132.37521362304688,133.56019592285156,0.11736831814050674,0.1323188692331314,2.127669095993042,3.470418357849121,4.017975807189941,113.48135121663411,4.014849324795771,97.5392074584961,7.207823690288953
huaping_no_grasp_change,11,/media/chenshuai/czy_data22/pih_dataset/260630_v8j_huaping/peg_in_hole_0630/无夹取位置变化/episode_11.hdf5,345,17.25,1.0,38.9976806640625,1.6604421138763428,2.611685717105857,197.1949462890625,147.90127563476562,49.697086334228516,144.98666381835938,82.66529846191406,4.198369026184082,47.75096130371094,9.4256591796875,1.0,0.4119318723678589,0.7027130454778671,1.0402960777282715,8.026000022888184,49.33599853515625,5.171999931335449,82.81199645996094,1.7799999713897705,48.07300567626953,9.352996826171875,8.6688814163208,36.9016700744629,1.0,0.35054922103881836,0.0010190383763983846,0.0018144480301998545,0.0031084250658750534,0.19754116237163544,0.19966599345207214,0.3903859853744507,0.1937199980020523,0.051844000816345215,-0.00520200002938509,-0.010706000030040741,0.0949459969997406,0.2881999909877777,0.27046000957489014,0.03699994087219238,3.1410000324249268,3.1080000400543213,0.03799999877810478,-0.007000000216066837,-0.019999999552965164,0.04100000858306885,1.9329999685287476,1.8930000066757202,1.0,12.797589302062988,16.37295799255371,20.49283218383789,10.371105194091797,1.2791776657104492,19.985801696777344,0.344047874212265,2.3847179412841797,677.5101318359375,3853.0,1.4694401025772095,1.6742941141128544,2.4348573684692383,1.260783314704895,1.1157535314559937,1.539361596107483,0.007588732987642288,0.019475668668746948,1.4688125848770142,2.1218688011169435,2.829730987548828,132.61634826660156,133.0655548095703,133.333740234375,132.5794219970703,131.8194580078125,133.3055419921875,0.12041664868593216,0.15203145146369934,2.2081990242004395,3.590656995773315,5.081843376159668,113.00668334960938,3.7948232554103414,96.99172973632812,6.733049714537018
huaping_no_grasp_change,12,/media/chenshuai/czy_data22/pih_dataset/260630_v8j_huaping/peg_in_hole_0630/无夹取位置变化/episode_12.hdf5,386,19.3,1.0,39.530914306640625,1.868552327156067,3.8926505565643192,193.402099609375,153.14739990234375,48.957088470458984,149.78094482421875,83.4816665649414,3.483233690261841,47.42879867553711,13.465641021728516,1.0,0.3893057703971863,0.6990284681320188,1.0036849975585938,8.684000015258789,48.43899917602539,5.828000068664551,83.84100341796875,2.5269999504089355,47.76499938964844,12.128005981445312,11.703577041625977,63.21591663360596,1.0,0.3747159540653229,0.0009732882026582956,0.0017985073151066875,0.0027586896903812885,0.19203007221221924,0.20207199454307556,0.3903610110282898,0.20020200312137604,0.06836600601673126,-0.005253000184893608,-0.017037000507116318,0.09763200581073761,0.28815099596977234,0.26414600014686584,0.04500007629394531,3.1410000324249268,3.0999999046325684,0.035999998450279236,-0.006000000052154064,-0.026000000536441803,0.07499992847442627,1.9329999685287476,1.8680000305175781,1.0,12.548820495605469,16.552807331085205,17.85085105895996,8.891599655151367,-3.223748207092285,17.04108428955078,0.5917997360229492,3.1924967765808105,665.6942749023438,3659.0,1.623711109161377,2.1897696256637573,2.737482786178589,1.391217827796936,1.1915662288665771,1.8293795585632324,0.008917183615267277,0.02549922838807106,1.5026291608810425,2.1882336139678955,3.1568195819854736,133.2852020263672,133.75389099121094,134.05384826660156,133.2432861328125,132.34251403808594,133.90147399902344,0.12075556814670563,0.14977411925792694,2.3101491928100586,4.108338117599487,5.537688255310059,112.62064361572266,3.8885586368153326,96.49229685465495,6.544395494903778
huaping_no_grasp_change,13,/media/chenshuai/czy_data22/pih_dataset/260630_v8j_huaping/peg_in_hole_0630/无夹取位置变化/episode_13.hdf5,351,17.55,1.0,38.28129959106445,1.7357854843139648,2.8249818325042804,227.47523498535156,162.03091430664062,50.15364074707031,159.588623046875,88.27075958251953,4.156014442443848,48.98076629638672,7.854270935058594,1.0,0.42895346879959106,0.7573212176561358,1.458757758140564,6.540999889373779,49.89799880981445,4.680000305175781,88.39900207519531,2.2059998512268066,49.16799545288086,7.656005859375,7.875515460968018,31.08064365386963,1.0,0.3611816167831421,0.0010319474386051297,0.0020278815994970514,0.0037257017102092505,0.20406179130077362,0.20609399676322937,0.39037400484085083,0.18735800683498383,0.04922500252723694,-0.005229000002145767,-0.020610999315977097,0.09638600051403046,0.2881700098514557,0.2744179964065552,0.046000003814697266,3.1410000324249268,3.130000114440918,0.03500000014901161,-0.006000000052154064,-0.03099999949336052,0.0690000057220459,1.9329999685287476,1.8650000095367432,1.0,12.265491485595703,16.665225982666016,19.430051803588867,9.205439567565918,-6.5043182373046875,19.08345603942871,0.4510304927825928,2.130159854888916,626.294677734375,3729.0,1.6103163957595825,2.1348018646240234,5.652430534362793,1.3611724376678467,1.1726741790771484,3.420257568359375,0.009432084858417511,0.05212526395916939,1.5809532403945923,2.361960291862488,5.15566349029541,133.31886291503906,133.8165283203125,134.99136352539062,133.2797088623047,132.56231689453125,134.9212188720703,0.12158290296792984,0.1546139419078827,2.2961390018463135,3.9330341815948486,5.630198001861572,112.8405024210612,4.148314348134929,96.36271158854167,7.231065376211713
huaping_no_grasp_change,14,/media/chenshuai/czy_data22/pih_dataset/260630_v8j_huaping/peg_in_hole_0630/无夹取位置变化/episode_14.hdf5,364,18.2,1.0,38.66798400878906,1.6368554830551147,3.435987758636462,206.0390625,155.29837036132812,50.296939849853516,152.5301055908203,87.98480224609375,4.668944835662842,48.8503532409668,8.865379333496094,1.0,0.41300106048583984,0.7610220193862914,1.451407790184021,7.091000080108643,50.090999603271484,4.875,88.21000671386719,2.3980000019073486,49.23800277709961,8.698997497558594,8.891962051391602,37.79746341705318,1.0,0.36552852392196655,0.0010069656418636441,0.0016982794622890645,0.00334783922880888,0.20481662452220917,0.20903600752353668,0.39034900069236755,0.18700699508190155,0.054770998656749725,-0.005237000063061714,-0.01905299909412861,0.09956300258636475,0.28835800290107727,0.2680850028991699,0.032000064849853516,3.140000104904175,3.11899995803833,0.03799999877810478,-0.006000000052154064,-0.026000000536441803,0.08299994468688965,1.9329999685287476,1.8630000352859497,1.0,12.868461608886719,17.4332025527954,23.52040672302246,9.094554901123047,-9.976386070251465,18.608293533325195,0.5548911690711975,3.779953718185425,641.118896484375,3803.0,1.5772544145584106,1.8990979254245757,2.0266616344451904,1.4201490879058838,1.224666714668274,1.912778377532959,0.007560336496680975,0.01730634830892086,1.520999789237976,2.0917809009552,2.8153536319732666,133.46337890625,133.9637092590332,134.18455505371094,133.42083740234375,132.67633056640625,134.15440368652344,0.12062074989080429,0.15128692984580994,2.3312063217163086,3.992771518230438,5.082681655883789,112.59555562337239,4.148635468878331,96.05050150553386,7.06215884720876
huaping_no_grasp_change,15,/media/chenshuai/czy_data22/pih_dataset/260630_v8j_huaping/peg_in_hole_0630/无夹取位置变化/episode_15.hdf5,413,20.65,1.0,38.480224609375,1.4660674333572388,2.0696841120719904,222.65423583984375,158.49903869628906,51.474918365478516,156.2881317138672,93.0564956665039,3.7440531253814697,49.553585052490234,7.552978515625,1.0,0.38706767559051514,0.7640494108200073,2.094895362854004,5.922999858856201,51.27299880981445,4.11899995803833,93.30599975585938,2.500000238418579,49.6300048828125,7.612998962402344,7.176076889038086,28.440732574462878,1.0,0.38434046506881714,0.0009328651940450072,0.0016023829055484384,0.005334184970706701,0.20723457634449005,0.2163260132074356,0.390377014875412,0.18440499901771545,0.04458700120449066,-0.005233000032603741,-0.010064000263810158,0.09834399819374084,0.28826600313186646,0.2659420073032379,0.04500007629394531,3.1410000324249268,3.0999999046325684,0.05000000074505806,-0.007000000216066837,-0.03400000184774399,0.06199991703033447,1.9329999685287476,1.8739999532699585,1.0,12.408292770385742,16.317205810546874,20.001617431640625,8.710280418395996,-4.8297953605651855,19.46479606628418,0.5161731243133545,2.6370458602905273,622.4026489257812,3683.0,1.5509650707244873,1.7104542970657348,1.8014943599700928,1.418277621269226,1.2593716382980347,1.7570605278015137,0.006705557927489281,0.01147633045911789,1.4950259923934937,2.04672908782959,2.4466161727905273,133.61607360839844,134.0273010253906,134.39205932617188,133.57489013671875,132.78543090820312,134.3311767578125,0.1217176541686058,0.14421223104000092,2.2939717769622803,3.9637487888336183,5.087440490722656,112.69296264648438,3.6315649972295447,97.62359873453777,6.022110471548146
huaping_no_grasp_change,16,/media/chenshuai/czy_data22/pih_dataset/260630_v8j_huaping/peg_in_hole_0630/无夹取位置变化/episode_16.hdf5,411,20.55,1.0,38.4140625,1.2374359369277954,2.171755623817436,200.62908935546875,143.044189453125,49.909423828125,140.586181640625,90.54698181152344,3.7785940170288086,48.60139846801758,6.4844970703125,1.0,0.3813157379627228,0.8427872031927106,1.108591914176941,6.378000259399414,50.08100128173828,3.184999942779541,90.89700317382812,1.940000057220459,48.76799774169922,6.23699951171875,7.628383159637451,30.95801830291748,1.0,0.38390058279037476,0.0009363428689539433,0.0020918274531140924,0.0028817160055041313,0.19918055832386017,0.2131970077753067,0.39038699865341187,0.1916079968214035,0.046132996678352356,-0.00521499989554286,-0.008855000138282776,0.09708498418331146,0.28814300894737244,0.2760370075702667,0.03500008583068848,3.140000104904175,3.117000102996826,0.032999999821186066,-0.006000000052154064,-0.02800000086426735,0.08899998664855957,1.9329999685287476,1.8509999513626099,1.0,11.781107902526855,16.592416763305664,19.710538864135742,8.542476654052734,-2.5064892768859863,19.27614974975586,0.526879608631134,2.407750368118286,619.5244750976562,3764.0,1.7373530864715576,2.7131065130233765,4.985453128814697,1.4937652349472046,1.2344343662261963,3.0264830589294434,0.009365350939333439,0.043208371847867966,1.5828570127487183,2.3860312700271606,4.802809238433838,133.171630859375,133.77288055419922,134.41729736328125,133.1273956298828,132.18995666503906,134.3093719482422,0.12160390615463257,0.1431363821029663,2.3839309215545654,4.2763237953186035,6.061636924743652,112.879638671875,4.061893430331194,97.63077036539714,5.781186878257162
huaping_no_grasp_change,17,/media/chenshuai/czy_data22/pih_dataset/260630_v8j_huaping/peg_in_hole_0630/无夹取位置变化/episode_17.hdf5,362,18.1,1.0,39.30402374267578,1.5748767852783203,3.2273664474487305,224.04478454589844,159.6132049560547,51.95958709716797,157.14479064941406,88.65078735351562,4.058573246002197,46.829742431640625,6.912788391113281,1.0,0.4354044198989868,0.8242430686950684,1.5309464931488037,5.634999752044678,51.89900207519531,1.75600004196167,88.93800354003906,2.4109997749328613,47.08799743652344,5.9369964599609375,12.810453414916992,60.088602447509764,1.0,0.38503149151802063,0.0010665692389011383,0.0020932031329721212,0.0027019015979021788,0.1923779845237732,0.22191300988197327,0.3904080092906952,0.1990080028772354,0.037094999104738235,-0.005253999959677458,0.0027340000960975885,0.09671200811862946,0.28812500834465027,0.27047500014305115,6.281000137329102,3.1410000324249268,3.128999948501587,0.03399999812245369,-0.006000000052154064,-0.026000000536441803,0.07700002193450928,1.9329999685287476,1.8559999465942383,1.0,12.585996627807617,16.894826984405515,19.372928619384766,9.25306224822998,-5.646259307861328,18.907215118408203,0.516703724861145,3.5281968116760254,635.31494140625,3821.0,1.7590677738189697,2.6035034537315367,3.5626819133758545,1.5162947177886963,1.2177505493164062,2.1987359523773193,0.009181584231555462,0.028794970363378525,1.5908342599868774,2.312158966064453,3.8199868202209473,134.04269409179688,135.04821090698243,136.45010375976562,133.9977264404297,133.08456420898438,136.25038146972656,0.12109504640102386,0.151557058095932,2.429935932159424,4.330042695999145,6.7585673332214355,112.3105697631836,4.117202661187289,97.3753890991211,4.799316224822409
huaping_no_grasp_change,18,/media/chenshuai/czy_data22/pih_dataset/260630_v8j_huaping/peg_in_hole_0630/无夹取位置变化/episode_18.hdf5,365,18.25,1.0,38.32172775268555,1.4743843078613281,1.7065219283103896,215.78819274902344,152.7598419189453,49.68598175048828,152.3929443359375,86.88060760498047,4.497589588165283,48.32389831542969,10.948150634765625,1.0,0.44103825092315674,0.9567359447479239,2.071981906890869,7.0229997634887695,49.729000091552734,5.669999599456787,87.21499633789062,3.3919997215270996,48.62399673461914,9.880996704101562,10.352602005004883,35.64520034790039,1.0,0.3838488757610321,0.0010545299155637622,0.002302957174833863,0.005475098267197609,0.19661952555179596,0.21096400916576385,0.39036500453948975,0.19473600387573242,0.04901599884033203,-0.0051910001784563065,-0.024085000157356262,0.09772998094558716,0.2883090078830719,0.28269198536872864,0.04700016975402832,3.140000104904175,3.121999979019165,0.05199999734759331,-0.006000000052154064,-0.03099999949336052,0.0979999303817749,1.9329999685287476,1.8350000381469727,1.0,13.114550590515137,16.895557785034182,23.9600887298584,9.934200286865234,-9.980520248413086,23.484363555908203,0.44142946600914,2.477748155593872,669.6739501953125,3927.0,1.8050706386566162,2.8877735614776636,6.389262676239014,1.4641965627670288,1.2620443105697632,3.8009157180786133,0.011138607747852802,0.05211823061108589,1.6310038566589355,2.5573621273040765,5.504310131072998,133.92295837402344,134.51055297851562,136.37071228027344,133.8855438232422,132.94451904296875,136.2746124267578,0.12164373695850372,0.1607932299375534,2.294414758682251,3.8241828441619874,6.652541637420654,113.92440287272136,5.258251210649718,97.22964731852214,7.311047292600504
huaping_no_grasp_change,19,/media/chenshuai/czy_data22/pih_dataset/260630_v8j_huaping/peg_in_hole_0630/无夹取位置变化/episode_19.hdf5,402,20.1,1.0,38.32647705078125,1.3720407485961914,2.148297071456909,216.4964599609375,154.15098571777344,49.704837799072266,151.9416961669922,88.37326049804688,3.856865167617798,47.54484558105469,6.3665313720703125,1.0,0.4002050459384918,0.9227115511894226,1.4612247943878174,5.924999713897705,49.65299987792969,1.997999906539917,88.52899932861328,3.376999855041504,47.77799987792969,5.522003173828125,8.224217414855957,36.14258422851562,1.0,0.4060283899307251,0.0010125396074727178,0.002287505427375436,0.0036556851118803024,0.19828681647777557,0.2147030085325241,0.39038801193237305,0.1922059953212738,0.03905100002884865,-0.005231999792158604,-0.007203000131994486,0.09449499845504761,0.28812500834465027,0.2819879949092865,0.03900003433227539,3.1410000324249268,3.131999969482422,0.04800000041723251,-0.006000000052154064,-0.006000000052154064,0.050999999046325684,1.9329999685287476,1.8919999599456787,1.0,12.759599685668945,16.31701555252075,25.88469886779785,11.052987098693848,3.15565824508667,25.488285064697266,0.2626115083694458,1.3255826234817505,655.3898315429688,3942.0,1.6977155208587646,2.2550428509712215,3.1222805976867676,1.4787380695343018,1.3255674839019775,2.0221192836761475,0.008456617593765259,0.025625962764024734,1.5598359107971191,2.23766770362854,3.4075753688812256,133.7938690185547,134.3522605895996,134.54122924804688,133.75851440429688,132.7638702392578,134.4955596923828,0.11852031946182251,0.1341412216424942,2.2400388717651367,3.7434776782989503,4.5067057609558105,113.09459940592448,4.2462665510477455,96.24335479736328,7.32397029026395
huaping_no_grasp_change,20,/media/chenshuai/czy_data22/pih_dataset/260630_v8j_huaping/peg_in_hole_0630/无夹取位置变化/episode_20.hdf5,427,21.35,1.0,38.67667770385742,1.513800859451294,2.6411566138267517,218.15354919433594,158.40029907226562,51.602569580078125,157.99685668945312,91.5135726928711,4.844913959503174,50.968814849853516,7.9526214599609375,1.0,0.4016881287097931,0.8768640756607056,2.0429821014404297,6.869999885559082,51.13600158691406,4.276000022888184,91.63399505615234,2.796999931335449,51.211002349853516,7.949005126953125,8.807491302490234,34.93006858825681,1.0,0.39671772718429565,0.0009312622714787722,0.00196996662998572,0.0053276498802006245,0.20585724711418152,0.21817001700401306,0.39039599895477295,0.18536199629306793,0.042739998549222946,-0.005212999880313873,-0.01234699971973896,0.09882998466491699,0.2881219983100891,0.2711699903011322,0.03500008583068848,3.1410000324249268,3.11299991607666,0.04899999871850014,-0.007000000216066837,-0.01899999938905239,0.06699991226196289,1.9329999685287476,1.8669999837875366,1.0,13.30142593383789,18.480175590515138,121.17594146728516,5.140251159667969,-118.41403198242188,20.116077423095703,0.8199502825737,3.321035623550415,621.919677734375,5730.0,1.7114120721817017,2.2023463010787965,2.5326411724090576,1.5255694389343262,1.0988261699676514,2.049201488494873,0.008593897335231304,0.023994741961359978,1.5670013427734375,2.263807535171509,3.36367130279541,134.26882934570312,135.50636444091796,136.38351440429688,134.21958923339844,133.348388671875,136.10751342773438,0.121512271463871,0.16336612403392792,2.4209201335906982,4.623866176605224,6.667187690734863,113.37576039632161,4.650206401235913,96.59884897867839,6.17355172020583
huaping_no_grasp_change,21,/media/chenshuai/czy_data22/pih_dataset/260630_v8j_huaping/peg_in_hole_0630/无夹取位置变化/episode_21.hdf5,412,20.6,1.0,39.617279052734375,1.2949079275131226,4.314328193664551,198.78057861328125,153.82559204101562,47.99006652832031,151.36871337890625,86.05966186523438,3.795069932937622,48.76942443847656,12.459930419921875,1.0,0.3670545220375061,0.6755262911319733,0.8606905341148376,7.680000305175781,47.38600158691406,4.245999813079834,86.35499572753906,2.2839999198913574,49.00899887084961,11.193000793457031,14.166365623474121,83.43794021606445,1.0,0.36643165349960327,0.0008915612124837935,0.0018471312941983342,0.0024259695783257484,0.1904330551624298,0.1996840089559555,0.3903529942035675,0.20085400342941284,0.05576299875974655,-0.00521499989554286,-0.02112399972975254,0.095007985830307,0.28832098841667175,0.27823200821876526,0.03500008583068848,3.140000104904175,3.11899995803833,0.04500000178813934,-0.006000000052154064,-0.02800000086426735,0.04700005054473877,1.9320000410079956,1.8880000114440918,1.0,12.621200561523438,16.70719108581543,19.090639114379883,10.635780334472656,3.0110769271850586,18.44028091430664,0.24677687883377075,1.2952022552490234,661.4962158203125,3839.0,1.629612922668457,1.7667768955230714,2.0055127143859863,1.4961296319961548,1.362229585647583,1.7131952047348022,0.006271617021411657,0.01289612241089344,1.4975241422653198,2.0941310286521913,2.425288200378418,133.63427734375,134.1788459777832,134.53585815429688,133.60040283203125,132.86700439453125,134.50599670410156,0.11868231743574142,0.13522620499134064,2.1924047470092773,3.5707154273986816,4.369361400604248,113.04466756184895,4.530184213309197,96.11835225423177,6.982073866652324
huaping_no_grasp_change,22,/media/chenshuai/czy_data22/pih_dataset/260630_v8j_huaping/peg_in_hole_0630/无夹取位置变化/episode_22.hdf5,404,20.2,1.0,40.48692321777344,0.7362107634544373,2.9929254293441767,5.6956987380981445,87.57444763183594,47.76632308959961,88.11750793457031,85.29446411132812,5.886584758758545,47.927127838134766,8.526130676269531,1.0,0.36312249302864075,0.684598422050476,0.927628219127655,6.723999977111816,46.49100112915039,2.4800000190734863,85.75699615478516,3.740999698638916,48.413997650146484,7.45599365234375,17.316349029541016,114.43041114807123,1.0,0.355646550655365,0.0008824976393952966,0.0016186450258828694,0.0021616064477711916,0.18978917598724365,0.19582098722457886,0.39041200280189514,0.2020229995250702,0.042045000940561295,-0.005253000184893608,-0.005905000027269125,0.09671799838542938,0.2881940007209778,0.2651920020580292,0.042999982833862305,3.140000104904175,3.1440000534057617,0.05000000074505806,-0.006000000052154064,-0.017999999225139618,0.06099998950958252,1.930999994277954,1.8949999809265137,1.0,13.48914623260498,16.445723533630368,18.77034568786621,11.13685417175293,-3.130495548248291,18.06075096130371,0.31755301356315613,2.566478729248047,689.5916137695312,3785.0,1.7556447982788086,2.1888977408409116,3.9511055946350098,1.552144169807434,1.3917121887207031,2.332318067550659,0.007948309183120728,0.04092803969979286,1.5578374862670898,2.1929421424865723,4.184450149536133,134.28408813476562,134.6612419128418,135.14959716796875,134.24661254882812,133.33554077148438,135.0017852783203,0.1212581992149353,0.14891865849494934,2.2644455432891846,3.753406178951263,5.521781921386719,111.69735717773438,4.851141038990241,96.08959452311198,6.279499771192913
huaping_no_grasp_change,23,/media/chenshuai/czy_data22/pih_dataset/260630_v8j_huaping/peg_in_hole_0630/无夹取位置变化/episode_23.hdf5,453,22.65,1.0,38.12789535522461,1.178640365600586,1.494640868902206,205.61224365234375,146.5322265625,49.587154388427734,144.16360473632812,89.39863586425781,7.143923759460449,49.530189514160156,11.177513122558594,1.0,0.3597134053707123,0.6722008258104323,1.2461426258087158,8.420999526977539,49.65299987792969,3.4690001010894775,89.65699768066406,5.732000350952148,49.90400314331055,10.041000366210938,8.438478469848633,41.82191696166988,1.0,0.3899904489517212,0.0008628107025288045,0.0016865311190485952,0.0033312642481178045,0.19009211659431458,0.20863300561904907,0.39022499322891235,0.20039300620555878,0.050227999687194824,-0.0052200001664459705,-0.01444500032812357,0.09741701185703278,0.2883110046386719,0.284606009721756,0.06100010871887207,3.140000104904175,3.11299991607666,0.08799999952316284,-0.007000000216066837,-0.05999999865889549,0.07700002193450928,1.9320000410079956,1.8589999675750732,1.0,13.1282377243042,16.71646614074707,21.319435119628906,10.627593040466309,-0.2915953993797302,20.823368072509766,0.35474470257759094,2.608384847640991,686.3623657226562,3980.0,1.7040634155273438,2.0957837104797363,2.351177930831909,1.5441462993621826,1.389527678489685,2.0558252334594727,0.007044451776891947,0.020078374072909355,1.5278568267822266,2.1655317306518556,2.858689785003662,133.7586212158203,134.21610412597656,134.45126342773438,133.71800231933594,132.90426635742188,134.42092895507812,0.12240225821733475,0.14759966731071472,2.3022994995117188,3.8113590717315686,5.477547645568848,113.13836161295573,4.802457336196444,98.81354014078777,4.8374381165456
huaping_no_grasp_change,24,/media/chenshuai/czy_data22/pih_dataset/260630_v8j_huaping/peg_in_hole_0630/无夹取位置变化/episode_24.hdf5,447,22.35,1.0,38.46168899536133,1.3339930772781372,3.893769383430481,217.35829162597656,158.369384765625,48.97724533081055,158.21133422851562,88.65667724609375,4.771215915679932,49.7169303894043,9.833057403564453,1.0,0.36538127064704895,0.7021411806344986,1.1416480541229248,6.736000061035156,48.98500061035156,2.8459999561309814,88.91600036621094,2.9809999465942383,49.968997955322266,8.584999084472656,10.943885803222656,57.11984481811523,1.0,0.394292950630188,0.0008840649388730526,0.001754308759700507,0.003111107274889946,0.18998228013515472,0.2085689902305603,0.39037400484085083,0.20065799355506897,0.04126700013875961,-0.005237000063061714,-0.007410999853163958,0.09628699719905853,0.28829801082611084,0.27848100662231445,0.05800008773803711,3.1410000324249268,3.119999885559082,0.05000000074505806,-0.006000000052154064,-0.03999999910593033,0.054000020027160645,1.9329999685287476,1.8849999904632568,1.0,12.243616104125977,16.545528221130372,18.909950256347656,10.071066856384277,-3.911849021911621,18.40315818786621,0.3310944139957428,1.5845264196395874,659.4972534179688,3730.0,2.284419298171997,4.567323207855224,9.802083969116211,1.8268518447875977,1.4435043334960938,5.84584903717041,0.012737543322145939,0.07342927157878876,1.7979612350463867,3.0569138050079285,8.394922256469727,134.43023681640625,135.13237915039062,137.0643310546875,134.38063049316406,133.19076538085938,136.759765625,0.12474510818719864,0.18326954543590546,2.5148062705993652,4.301822662353515,9.887518882751465,113.3502197265625,4.6531333477866355,98.22017415364583,5.321108281273767
huaping_no_grasp_change,25,/media/chenshuai/czy_data22/pih_dataset/260630_v8j_huaping/peg_in_hole_0630/无夹取位置变化/episode_25.hdf5,429,21.45,1.0,38.37142562866211,1.212116003036499,2.538549637794492,203.50714111328125,154.26736450195312,48.48594284057617,151.28102111816406,86.277099609375,4.152705669403076,47.427616119384766,10.017528533935547,1.0,0.35815972089767456,0.7851527094841,1.2951873540878296,6.809000015258789,48.430999755859375,3.945000171661377,86.49700164794922,3.5169999599456787,47.650001525878906,8.889999389648438,9.293749809265137,44.243168640136716,1.0,0.36299002170562744,0.0008481075055897236,0.001719547394895926,0.003856817726045847,0.19966046512126923,0.20439401268959045,0.3903839886188507,0.1918420046567917,0.04918599873781204,-0.005166000220924616,-0.02028599940240383,0.09533700346946716,0.28817999362945557,0.27345699071884155,0.05900001525878906,3.1410000324249268,3.1449999809265137,0.05299999937415123,-0.007000000216066837,-0.03099999949336052,0.06199991703033447,1.9329999685287476,1.88100004196167,1.0,12.312383651733398,16.67734565734863,20.059907913208008,10.07344913482666,-3.8328347206115723,19.391647338867188,0.28545406460762024,1.2303816080093384,645.2510986328125,3823.0,1.9261304140090942,2.1837819099426268,2.790463447570801,1.662675380706787,1.4697260856628418,2.052506446838379,0.009230384603142738,0.02262464165687561,1.6472978591918945,2.3035166263580322,2.916409969329834,134.09109497070312,134.5381652832031,134.92396545410156,134.04977416992188,133.09539794921875,134.8697967529297,0.12365344166755676,0.13440412282943726,2.3684961795806885,3.870815372467041,4.518291473388672,113.38078053792317,5.0269592147283655,96.61971791585286,7.035568573429414
huaping_no_grasp_change,26,/media/chenshuai/czy_data22/pih_dataset/260630_v8j_huaping/peg_in_hole_0630/无夹取位置变化/episode_26.hdf5,433,21.65,1.0,38.74473571777344,1.2596958875656128,1.7196587920188888,219.57090759277344,156.42330932617188,48.390106201171875,154.00827026367188,89.66863250732422,5.146915912628174,48.265628814697266,6.672187805175781,1.0,0.3570558726787567,0.7163737446069717,1.1533478498458862,5.168999671936035,48.36499786376953,2.2809998989105225,90.02900695800781,3.372000217437744,48.598995208740234,5.847999572753906,10.835498809814453,49.398408508300776,1.0,0.3652743697166443,0.0008455425268039107,0.0016167031077202409,0.0031342271249741316,0.19765262305736542,0.20893198251724243,0.3903540074825287,0.19334299862384796,0.03620000183582306,-0.005204000044614077,-0.008476000279188156,0.0972529798746109,0.2883889973163605,0.272816002368927,0.04999995231628418,3.140000104904175,3.1500000953674316,0.054999999701976776,-0.006000000052154064,-0.03200000151991844,0.06999993324279785,1.9329999685287476,1.8630000352859497,1.0,13.144251823425293,16.642241287231446,24.77715492248535,11.279118537902832,-0.4351999759674072,24.169342041015625,0.21289122104644775,1.910394549369812,656.446044921875,3786.0,2.007399320602417,2.31528639793396,2.863569736480713,1.7444896697998047,1.565780758857727,2.195526123046875,0.00857795774936676,0.021086247637867928,1.6499539613723755,2.2732391834259036,3.1726126670837402,134.28921508789062,134.67397766113282,135.2647247314453,134.24740600585938,133.42051696777344,135.2284393310547,0.1228649914264679,0.13316123187541962,2.390558958053589,3.890526628494263,5.193043231964111,113.80426788330078,4.904466772988398,97.84535217285156,5.8887495029879
huaping_no_grasp_change,27,/media/chenshuai/czy_data22/pih_dataset/260630_v8j_huaping/peg_in_hole_0630/无夹取位置变化/episode_27.hdf5,480,24.0,1.0,38.62627029418945,1.2148690223693848,2.576052451133723,240.6431884765625,170.21914672851562,49.48118591308594,170.09078979492188,88.52423095703125,3.5705456733703613,48.39998245239258,6.449241638183594,1.0,0.32594627141952515,0.6962832272052764,1.1880131959915161,5.745999813079834,49.55299758911133,3.75600004196167,88.80799865722656,2.2800002098083496,48.68699645996094,8.038002014160156,9.386858940124512,35.154269790649394,1.0,0.3717181086540222,0.0007760294829495251,0.0016834011301398275,0.0029590746853500605,0.19308485090732574,0.203218013048172,0.3903380036354065,0.19735699892044067,0.03227100148797035,-0.005229000002145767,7.000000186963007e-05,0.09478600323200226,0.2883650064468384,0.2848989963531494,0.039999961853027344,3.1410000324249268,3.117000102996826,0.044999998062849045,-0.006000000052154064,-0.04500000178813934,0.09099996089935303,1.9329999685287476,1.850000023841858,1.0,12.06645679473877,16.51922330856323,23.81233024597168,9.132242202758789,-4.244918346405029,23.348773956298828,0.33214542269706726,1.3636265993118286,665.0702514648438,3872.0,1.9180948734283447,2.1592133760452272,2.925053119659424,1.6533997058868408,1.4486709833145142,2.0505690574645996,0.009634498506784439,0.02302676998078823,1.6567914485931396,2.4057184576988218,3.21130108833313,134.05697631835938,134.5188446044922,134.8827667236328,134.0183868408203,133.31922912597656,134.8207550048828,0.12297192960977554,0.13836126029491425,2.3110363483428955,3.8030321121215818,4.905996322631836,113.84378560384114,4.774638843056356,99.40264892578125,4.1748754195631275
huaping_no_grasp_change,28,/media/chenshuai/czy_data22/pih_dataset/260630_v8j_huaping/peg_in_hole_0630/无夹取位置变化/episode_28.hdf5,446,22.3,1.0,39.35511779785156,1.2180085182189941,3.561026525497401,208.87210083007812,154.81240844726562,48.8636474609375,154.51678466796875,90.28116607666016,4.107094764709473,48.922019958496094,8.081169128417969,1.0,0.3467128574848175,0.6606229186058044,1.0830451250076294,6.309999942779541,48.82500076293945,3.492999792098999,90.68799591064453,2.9130001068115234,49.324005126953125,7.0229949951171875,13.181028366088867,51.58258056640625,1.0,0.3542730212211609,0.0007961191586218774,0.0014806661754846566,0.0019394004484638572,0.19515664875507355,0.207956001162529,0.3903450071811676,0.19627100229263306,0.0424019992351532,-0.005239000078290701,-0.006250999867916107,0.09626302123069763,0.28813600540161133,0.26763299107551575,0.051000118255615234,3.1410000324249268,3.122999906539917,0.05199999734759331,-0.006000000052154064,-0.04399999976158142,0.08299994468688965,1.9329999685287476,1.8589999675750732,1.0,12.491927146911621,16.357572555541992,18.87364387512207,9.697479248046875,-1.647634744644165,18.222837448120117,0.38595232367515564,2.0254485607147217,645.3988037109375,3973.0,1.958166241645813,2.1940366625785828,2.2371139526367188,1.73855721950531,1.542380452156067,2.0053303241729736,0.008412676863372326,0.012381528504192829,1.626057505607605,2.2984871864318848,2.644585132598877,134.20684814453125,134.56848526000977,135.04852294921875,134.16310119628906,133.3169708251953,135.0105438232422,0.12356717139482498,0.14770404994487762,2.382901906967163,3.8761450052261353,4.926840305328369,113.68050893147786,4.742471127987324,99.07203165690105,4.609934129435589
huaping_no_grasp_change,29,/media/chenshuai/czy_data22/pih_dataset/260630_v8j_huaping/peg_in_hole_0630/无夹取位置变化/episode_29.hdf5,442,22.1,1.0,38.64893341064453,1.4172261953353882,2.5229902267456055,213.69984436035156,151.8728790283203,51.93487548828125,151.47531127929688,90.14877319335938,4.725092887878418,46.19179153442383,7.721992492675781,1.0,0.36645781993865967,0.7523259520530701,1.0500483512878418,6.0420002937316895,51.946998596191406,3.425999879837036,90.3499984741211,2.863999843597412,46.35099792480469,9.165000915527344,8.48293685913086,38.267043304443334,1.0,0.3944004774093628,0.0008943321299739182,0.0019299752311781049,0.0026896619237959385,0.20380651950836182,0.21965301036834717,0.3903540074825287,0.18669000267982483,0.03852099925279617,-0.005197999998927116,0.00022699999681208283,0.10098600387573242,0.288455992937088,0.2938080132007599,0.037999868392944336,3.140000104904175,3.122999906539917,0.04099999740719795,-0.006000000052154064,-0.017999999225139618,0.07400000095367432,1.9329999685287476,1.8600000143051147,1.0,13.006980895996094,16.600535774230956,20.512020111083984,11.133108139038086,0.5913437008857727,19.997407913208008,0.25021564960479736,1.4382688999176025,672.8225708007812,3860.0,1.9526363611221313,2.4686561822891213,3.0464425086975098,1.6903630495071411,1.5178653001785278,2.2034270763397217,0.008989820256829262,0.025250785052776337,1.6478570699691772,2.330635154247284,3.1764001846313477,134.34693908691406,134.7377166748047,135.2506561279297,134.30455017089844,133.54469299316406,135.1974334716797,0.12414754182100296,0.14051485061645508,2.3806874752044678,3.8815213322639464,4.7414422035217285,114.76094818115234,4.563936372689886,98.82413736979167,6.100317654845595
huaping_no_grasp_change,30,/media/chenshuai/czy_data22/pih_dataset/260630_v8j_huaping/peg_in_hole_0630/无夹取位置变化/episode_30.hdf5,498,24.9,1.0,38.8232307434082,1.0606176853179932,2.2736726284027093,209.56988525390625,156.35205078125,48.476890563964844,153.7879638671875,87.75863647460938,5.717529296875,48.3682975769043,6.243553161621094,1.0,0.3175525665283203,0.6058769583702086,1.0844557285308838,5.8429999351501465,48.37300109863281,3.924999952316284,87.88699340820312,3.1800003051757812,48.558998107910156,6.249000549316406,10.039434432983398,49.87137298583984,1.0,0.36951541900634766,0.0007434918079525232,0.0014352225465700025,0.002018245169892907,0.20022021234035492,0.20277199149131775,0.3903749883174896,0.19212600588798523,0.04692799970507622,-0.0052200001664459705,-0.013867000117897987,0.09566099941730499,0.28830599784851074,0.26164698600769043,0.05200004577636719,3.140000104904175,3.132999897003174,0.04899999871850014,-0.006000000052154064,-0.017999999225139618,0.09700000286102295,1.9329999685287476,1.8359999656677246,1.0,12.10457992553711,16.28584384918213,17.319528579711914,9.514593124389648,-4.296371936798096,16.692323684692383,0.3128426969051361,1.666771650314331,658.1356811523438,3705.0,1.957138180732727,2.216502296924591,2.584146022796631,1.741162896156311,1.5785764455795288,2.1284313201904297,0.008729643188416958,0.01931956596672535,1.6263700723648071,2.299016880989075,2.828723192214966,134.13429260253906,134.57426528930665,134.78164672851562,134.09652709960938,133.1776580810547,134.7457733154297,0.12126658856868744,0.14085234701633453,2.290651798248291,3.7834948778152464,4.357695579528809,114.41739145914714,4.666124281735404,97.52536265055339,6.863142521830026
card_success,0,/media/chenshuai/EXTERNAL_USB/pih_dataset/260629_v8j_card/peg_in_hole_0629/success/episode_0.hdf5,440,22.0,1.0,29.51824188232422,0.35460591316223145,0.7369181752204895,1.267144799232483,28.274703979492188,44.37138366699219,25.213951110839844,77.83322143554688,1.4358385801315308,41.339622497558594,10.127206802368164,1.0,0.3541656732559204,0.744246566295623,1.3068368434906006,28.35300064086914,44.37800216674805,25.251998901367188,77.86499786376953,1.3839999437332153,41.49100112915039,10.37700080871582,0.655581533908844,1.428435134887694,1.0,0.3739408254623413,0.0008518014219589531,0.00157355775590986,0.0026888055726885796,0.18224409222602844,0.21125899255275726,0.3903430104255676,0.20845100283622742,0.03153800219297409,-0.005197999998927116,0.0016280000563710928,0.07334600389003754,0.22933200001716614,0.2383659929037094,0.016000032424926758,3.1389999389648438,3.1500000953674316,0.02199999988079071,-0.006000000052154064,0.009999999776482582,0.01399993896484375,-2.8369998931884766,-2.8340001106262207,1.0,14.122481346130371,16.544108963012697,18.435190200805664,11.697320938110352,-9.423291206359863,15.703531265258789,0.534099280834198,2.290395498275757,657.4483642578125,3511.0,1.0604571104049683,2.330223703384399,3.895799160003662,0.7203003168106079,0.44957730174064636,3.025956153869629,0.010960393585264683,0.04464403912425041,1.299124002456665,2.3248560309410093,6.348202705383301,115.4615478515625,117.69484252929688,118.26947784423828,115.4521255493164,110.11839294433594,118.25629425048828,0.05879480019211769,0.06894726306200027,2.665511131286621,3.723704183101654,6.584687232971191,121.84032694498698,4.900173404794184,94.09020233154297,13.590814897898552
card_success,1,/media/chenshuai/EXTERNAL_USB/pih_dataset/260629_v8j_card/peg_in_hole_0629/success/episode_1.hdf5,419,20.95,1.0,30.191465377807617,0.48993751406669617,2.0983514904975853,6.639332294464111,71.51372528076172,45.9249382019043,73.50167846679688,77.83212280273438,1.2902822494506836,39.78805923461914,11.414682388305664,1.0,0.4959174394607544,2.1361193776130674,6.136021614074707,72.90999603271484,46.0369987487793,74.96100616455078,77.95899963378906,1.3279998302459717,39.88900375366211,11.692998886108398,0.9270570278167725,4.306672048568725,1.0,0.3291754424571991,0.0007875010487623513,0.0013532821671105916,0.0022475114092230797,0.21642087399959564,0.2165849804878235,0.3903369903564453,0.1763879954814911,0.037512000650167465,-0.0052200001664459705,0.020602000877261162,0.06272301077842712,0.22915400564670563,0.20922799408435822,0.012000083923339844,3.140000104904175,3.1480000019073486,0.020999999716877937,-0.007000000216066837,-0.003000000026077032,0.01699995994567871,-2.8369998931884766,-2.8420000076293945,1.0,13.937663078308105,15.695165443420409,22.39390754699707,12.240960121154785,0.6303741931915283,21.86388397216797,0.3433210849761963,1.8786054849624634,643.0487670898438,3972.0,1.1789562702178955,1.3943022847175595,2.4120280742645264,0.7615835070610046,0.322184681892395,1.1450896263122559,0.012162202037870884,0.03237169235944748,1.3773118257522583,2.350555682182312,4.873721599578857,116.674560546875,118.77977981567383,119.18388366699219,116.65055084228516,112.44657897949219,119.15787506103516,0.06447294354438782,0.07248733192682266,2.917998790740967,4.0142316818237305,4.544790744781494,121.52667744954427,4.425400525309432,95.08402252197266,14.731337806524387
card_success,2,/media/chenshuai/EXTERNAL_USB/pih_dataset/260629_v8j_card/peg_in_hole_0629/success/episode_2.hdf5,437,21.85,1.0,29.331710815429688,0.3311377763748169,0.6334923356771469,1.302891731262207,21.557287216186523,45.415340423583984,22.264007568359375,75.95771789550781,2.15980863571167,39.0792121887207,7.352066993713379,1.0,0.3340638279914856,0.6600442230701447,1.3767048120498657,21.701000213623047,45.507999420166016,22.368999481201172,76.08499908447266,2.183000087738037,39.16400146484375,7.5789995193481445,0.6195316910743713,1.4662781476974485,1.0,0.3428296744823456,0.000786306569352746,0.001422930450644344,0.0023428050335496664,0.19039539992809296,0.21402600407600403,0.3903850018978119,0.20159600675106049,0.0320109985768795,-0.005200000014156103,0.019107000902295113,0.06211000680923462,0.22905999422073364,0.2247830033302307,0.03400015830993652,3.140000104904175,3.125,0.017999999225139618,-0.006000000052154064,0.006000000052154064,0.009999990463256836,-2.8369998931884766,-2.8420000076293945,1.0,13.951315879821777,15.741812896728515,17.859655380249023,12.775468826293945,7.282811164855957,15.090730667114258,0.23849934339523315,1.647749662399292,670.4616088867188,3754.0,1.1491142511367798,1.371739101409912,1.5970044136047363,0.7858350872993469,0.6118288636207581,0.9898837208747864,0.01036939024925232,0.020772412419319153,1.3061078786849976,1.9906672954559312,4.014885425567627,117.86913299560547,119.94635925292968,121.79945373535156,117.84689331054688,116.4302978515625,121.77867889404297,0.06826114654541016,0.08055182546377182,2.870657444000244,3.8741724967956537,4.173242568969727,121.48541005452473,4.056214074521622,95.20779164632161,16.3710813661601
card_success,3,/media/chenshuai/EXTERNAL_USB/pih_dataset/260629_v8j_card/peg_in_hole_0629/success/episode_3.hdf5,459,22.95,1.0,29.23365020751953,0.4188891053199768,1.4613229572772972,7.329545497894287,63.8415412902832,47.87512969970703,64.67142486572266,74.58891296386719,1.7365829944610596,39.19041061401367,9.774704933166504,1.0,0.4090576171875,1.3422648012638088,8.55687141418457,61.45800018310547,47.933998107910156,61.98099899291992,74.69300079345703,1.746000051498413,39.18600082397461,9.831000328063965,0.7901414036750793,2.9575070619583053,1.0,0.33119386434555054,0.0007231307099573314,0.0013851358031388371,0.001915892236866057,0.2152201533317566,0.21886999905109406,0.3903450071811676,0.17714400589466095,0.03650800138711929,-0.0052269999869167805,0.018874000757932663,0.0623989999294281,0.22922100126743317,0.21236300468444824,0.026999950408935547,3.140000104904175,3.124000072479248,0.0139999995008111,-0.006000000052154064,-0.01600000075995922,0.01699995994567871,-2.8369998931884766,-2.8519999980926514,1.0,13.65412712097168,15.528331279754639,17.769807815551758,12.63704776763916,4.159751892089844,17.02079200744629,0.57634437084198,2.8623616695404053,740.62060546875,3584.0,1.197229266166687,1.4799015164375304,2.427499532699585,0.8371344208717346,0.5746528506278992,1.41496741771698,0.010671508498489857,0.030715404078364372,1.345887303352356,2.261034297943114,4.868163585662842,120.86060333251953,124.9198844909668,125.71871185302734,120.84398651123047,116.98714447021484,125.70784759521484,0.0770965963602066,0.09813090413808823,2.790241241455078,3.7751136064529414,4.738250255584717,122.25560760498047,4.548679753528899,91.82246017456055,20.30669054317868
card_success,4,/media/chenshuai/EXTERNAL_USB/pih_dataset/260629_v8j_card/peg_in_hole_0629/success/episode_4.hdf5,425,21.25,1.0,29.122882843017578,0.33526745438575745,0.7030518442392345,1.349557876586914,20.660846710205078,45.236122131347656,21.794025421142578,74.67828369140625,1.6916582584381104,40.3023567199707,10.226030349731445,1.0,0.3375736474990845,0.7152944087982168,1.3682382106781006,20.60700035095215,45.33399963378906,21.94499969482422,74.85599517822266,1.686000108718872,40.48899841308594,10.622000694274902,0.6243554949760437,1.347693657875061,1.0,0.3485748767852783,0.0008221105672419071,0.0014741868653800332,0.002640335587784648,0.18810178339481354,0.21250700950622559,0.3903540074825287,0.20435799658298492,0.03523100167512894,-0.005491000134497881,0.02254600077867508,0.062178999185562134,0.2288379967212677,0.22753700613975525,0.02500009536743164,3.140000104904175,3.121000051498413,0.023000000044703484,-0.007000000216066837,0.012000000104308128,0.014999866485595703,-2.8380000591278076,-2.8440001010894775,1.0,13.793384552001953,15.467461967468262,16.21963882446289,12.771355628967285,4.2395734786987305,15.338982582092285,0.21117259562015533,0.7042087912559509,674.7949829101562,3649.0,1.0644104480743408,1.2220435142517088,2.572995901107788,0.8083913922309875,0.5493254661560059,1.0496095418930054,0.0078004878014326096,0.03202962130308151,1.314367651939392,2.177145004272461,4.581384658813477,118.92726135253906,121.51775665283202,123.30772399902344,118.91157531738281,117.34188842773438,123.29393768310547,0.07067933678627014,0.08483226597309113,2.773496150970459,3.6644184589385986,4.910648345947266,124.26846313476562,4.802645908724209,95.10419464111328,18.842883560929227
card_success,5,/media/chenshuai/EXTERNAL_USB/pih_dataset/260629_v8j_card/peg_in_hole_0629/success/episode_5.hdf5,457,22.85,1.0,29.296064376831055,0.3557358682155609,0.8324809968471527,2.886641263961792,31.79418182373047,45.79894256591797,31.96259117126465,77.91535949707031,1.1184486150741577,40.63336181640625,8.716957092285156,1.0,0.3572174906730652,0.8132725805044174,2.949293375015259,32.04499816894531,45.87200164794922,32.19900131225586,78.05299377441406,1.1079999208450317,40.714996337890625,8.784000396728516,0.6785510778427124,1.7806555747985837,1.0,0.34811708331108093,0.0007634146604686975,0.0012837367539759725,0.002576832426711917,0.20463965833187103,0.21952401101589203,0.3903540074825287,0.1875160038471222,0.03585699945688248,-0.005212999880313873,0.017066000029444695,0.06432400643825531,0.2292490005493164,0.21382899582386017,0.023000001907348633,3.140000104904175,3.128000020980835,0.019999999552965164,-0.006000000052154064,-0.007000000216066837,0.01699995994567871,-2.8369998931884766,-2.8440001010894775,1.0,13.750185012817383,16.042412948608398,17.209285736083984,11.983644485473633,-1.6434718370437622,15.825288772583008,0.4136166572570801,2.414274215698242,669.6317749023438,3569.0,1.1809844970703125,1.6852131605148313,4.691329479217529,0.9014066457748413,0.5425412654876709,3.760681390762329,0.010060187429189682,0.05120284855365753,1.4807924032211304,2.708258342742919,8.900753021240234,118.51091003417969,121.93356628417969,123.1190414428711,118.49834442138672,114.27027130126953,123.10640716552734,0.06803186982870102,0.07981415092945099,2.793428421020508,3.7820119380950925,7.864538192749023,124.17516581217448,4.554525196541603,95.77959442138672,17.13981023569371
card_success,6,/media/chenshuai/EXTERNAL_USB/pih_dataset/260629_v8j_card/peg_in_hole_0629/success/episode_6.hdf5,455,22.75,1.0,29.628454208374023,0.3952275812625885,1.1371583282947526,2.179652214050293,41.078399658203125,45.62207794189453,43.01752853393555,77.05586242675781,2.494770050048828,40.51023864746094,8.804965019226074,1.0,0.3970127999782562,1.0768407523632049,2.1210904121398926,41.11800003051758,45.70600128173828,43.03300094604492,77.23800659179688,2.506999969482422,40.563995361328125,8.852999687194824,0.7501059770584106,2.2731881380081167,1.0,0.346768319606781,0.0007638068636879325,0.0013386373757384715,0.001987529220059514,0.20380060374736786,0.2093139886856079,0.39034900069236755,0.18898800015449524,0.034947000443935394,-0.005197999998927116,0.025812000036239624,0.06253400444984436,0.22922000288963318,0.22404199838638306,0.03600001335144043,3.1389999389648438,3.1070001125335693,0.020999999716877937,-0.007000000216066837,-0.0020000000949949026,0.026999950408935547,-2.8359999656677246,-2.8480000495910645,1.0,13.453914642333984,15.525145244598388,17.09987449645996,12.53335952758789,-0.05364024639129639,16.338499069213867,0.2703140377998352,1.2022989988327026,678.7114868164062,3685.0,1.0848388671875,1.2887884855270384,3.5815720558166504,0.8731403946876526,0.5319551229476929,1.2428550720214844,0.008232884109020233,0.04197707399725914,1.4078963994979858,2.5202239274978635,5.164335250854492,120.01192474365234,123.47991180419922,124.13603973388672,120.00175476074219,117.04693603515625,124.1279296875,0.07133497297763824,0.08493095636367798,2.7370200157165527,3.6321000099182124,5.381035327911377,123.6193618774414,4.839925185956794,97.49354044596355,16.66459038649795
card_success,7,/media/chenshuai/EXTERNAL_USB/pih_dataset/260629_v8j_card/peg_in_hole_0629/success/episode_7.hdf5,418,20.9,1.0,29.82634735107422,0.3899116516113281,0.9807995319366448,2.8521788120269775,35.41552734375,46.357078552246094,36.37380599975586,75.82441711425781,3.305777072906494,41.23194122314453,5.224133491516113,1.0,0.3916538953781128,0.9789907693862905,2.808992624282837,35.73099899291992,46.474998474121094,36.71099853515625,76.03199768066406,3.3480000495910645,41.45800018310547,5.529001235961914,0.7367650270462036,2.1134582281112664,1.0,0.348771870136261,0.0008363833767361939,0.0015229044016450643,0.002072014845907688,0.19479133188724518,0.2060909867286682,0.3903709948062897,0.19765500724315643,0.03091299906373024,-0.0048870001919567585,0.023296000435948372,0.066771000623703,0.22904899716377258,0.2321999967098236,0.05000019073486328,3.1389999389648438,3.1010000705718994,0.019999999552965164,-0.006000000052154064,0.009999999776482582,0.026000022888183594,-2.8359999656677246,-2.8380000591278076,1.0,13.549393653869629,15.534330224990844,22.302724838256836,12.515358924865723,-0.10491771996021271,21.59219741821289,0.4189694821834564,2.771791458129883,691.470947265625,4261.0,1.1119396686553955,1.3869894206523894,1.885357141494751,0.927012026309967,0.6883037686347961,1.1905622482299805,0.008512322790920734,0.025917189195752144,1.4007176160812378,2.4819063067436216,4.393660068511963,121.0160903930664,124.71114692687988,125.27639770507812,121.00547790527344,117.62786865234375,125.27156829833984,0.07371872663497925,0.09310483932495117,2.7574520111083984,3.648586213588714,4.68795108795166,124.12870025634766,4.983724148874832,97.01734415690105,18.973696501111426
card_success,8,/media/chenshuai/EXTERNAL_USB/pih_dataset/260629_v8j_card/peg_in_hole_0629/success/episode_8.hdf5,467,23.35,1.0,29.512279510498047,0.40633735060691833,1.2025685012340546,4.294005393981934,39.04076385498047,46.42754364013672,43.011268615722656,77.98506164550781,2.124378204345703,40.1414680480957,11.53626537322998,1.0,0.40911629796028137,1.2353773713111877,4.64858341217041,40.12799835205078,46.566001892089844,43.89699935913086,78.19000244140625,2.180999994277954,40.25,11.715999603271484,0.7857496738433838,2.5716867685317992,1.0,0.36776652932167053,0.0007891985587775707,0.0018972008547279984,0.002921254141256213,0.20030945539474487,0.21816600859165192,0.3903389871120453,0.1938840001821518,0.03973900154232979,-0.005241999868303537,0.03384999930858612,0.06256400048732758,0.2291949987411499,0.22812999784946442,0.029999971389770508,3.140000104904175,3.121999979019165,0.020999999716877937,-0.006000000052154064,-0.013000000268220901,0.023999929428100586,-2.8359999656677246,-2.8570001125335693,1.0,13.582658767700195,15.5877779006958,19.184823989868164,12.403924942016602,-2.887572765350342,18.55005645751953,0.36369115114212036,1.3106848001480103,669.9284057617188,4060.0,1.0998179912567139,1.363902175426483,1.9755499362945557,0.9279157519340515,0.6406511664390564,1.2185256481170654,0.00776164373382926,0.026721125468611717,1.42586088180542,2.501906156539917,5.158041477203369,120.34893798828125,124.05255355834962,124.42375183105469,120.33829498291016,118.17059326171875,124.41914367675781,0.0712299719452858,0.08528504520654678,2.781834840774536,3.691235065460205,5.021552562713623,123.92768096923828,4.937765926911082,95.01171366373698,21.140617304955196
card_success,9,/media/chenshuai/EXTERNAL_USB/pih_dataset/260629_v8j_card/peg_in_hole_0629/success/episode_9.hdf5,415,20.75,1.0,29.155513763427734,0.3802834451198578,0.7706718713045111,2.609600305557251,32.65704345703125,46.51675796508789,37.29962921142578,71.93443298339844,1.3768445253372192,37.900211334228516,12.284786224365234,1.0,0.3822668194770813,0.7954565107822414,2.4291062355041504,33.10100173950195,46.625,37.742000579833984,72.03800201416016,1.2949999570846558,38.12699890136719,12.501001358032227,0.711445689201355,1.4965912580490077,1.0,0.3453429937362671,0.0008341618231497705,0.0014674976293463258,0.0019271355122327805,0.1991942822933197,0.20600099861621857,0.3903430104255676,0.19425499439239502,0.039167001843452454,-0.00570600014179945,0.029027000069618225,0.06702099740505219,0.22910700738430023,0.23374100029468536,0.03099989891052246,3.140000104904175,3.1449999809265137,0.04600000008940697,-0.006000000052154064,-0.012000000104308128,0.026000022888183594,-2.8380000591278076,-2.8610000610351562,1.0,13.388434410095215,15.563573265075682,16.406492233276367,12.59815502166748,4.965762615203857,15.390335083007812,0.42393144965171814,1.6091822385787964,718.1112060546875,3987.0,1.130635380744934,1.286551582813263,2.9998221397399902,0.9402559995651245,0.6493024230003357,1.1384276151657104,0.007271041162312031,0.03737224265933037,1.3618872165679932,2.350907802581787,5.367208957672119,121.805419921875,124.74175033569335,125.54783630371094,121.7945785522461,117.8537826538086,125.54188537597656,0.07598217576742172,0.09237196296453476,2.748812675476074,3.6614089012145996,5.402252197265625,123.4891866048177,4.887964566632344,99.63251495361328,13.788445434529558
card_success,10,/media/chenshuai/EXTERNAL_USB/pih_dataset/260629_v8j_card/peg_in_hole_0629/success/episode_10.hdf5,511,25.55,1.0,29.3522891998291,0.284091591835022,0.6030740976333616,1.2247148752212524,24.03846549987793,45.425514221191406,21.855924606323242,74.79759216308594,2.4668774604797363,38.65425109863281,5.153622627258301,1.0,0.2845812737941742,0.6070847809314728,1.407835841178894,23.993999481201172,45.467002868652344,21.81999969482422,74.88700103759766,2.434999942779541,38.70100402832031,5.320000648498535,0.5276326537132263,1.1576722860336304,1.0,0.3594236969947815,0.000704752339515835,0.001248078036587685,0.003131069242954254,0.18873682618141174,0.211557999253273,0.3904309868812561,0.2025029957294464,0.035273998975753784,-0.005138999782502651,0.012199999764561653,0.06469200551509857,0.22897100448608398,0.23097600042819977,0.03699994087219238,3.140000104904175,3.1050000190734863,0.023000000044703484,-0.006000000052154064,-0.004999999888241291,0.02500009536743164,-2.8359999656677246,-2.828000068664551,1.0,15.171411514282227,18.434280395507812,21.698556900024414,12.296477317810059,-12.942469596862793,15.859235763549805,0.7235125303268433,2.637047529220581,673.46044921875,4128.0,1.2040560245513916,1.7266423106193542,2.6283559799194336,0.9242400527000427,0.592443585395813,1.217016577720642,0.011253981851041317,0.03344784304499626,1.495330810546875,2.8419742584228516,4.84592866897583,115.86418914794922,118.71907043457031,119.33863830566406,115.85345458984375,110.41093444824219,119.32601165771484,0.059294771403074265,0.06668504327535629,2.7368004322052,3.6830393075942993,5.069555759429932,123.58873494466145,4.81547825911888,94.60215759277344,19.58760585777549
card_success,11,/media/chenshuai/EXTERNAL_USB/pih_dataset/260629_v8j_card/peg_in_hole_0629/success/episode_11.hdf5,469,23.45,1.0,29.62354278564453,0.3507460355758667,0.7606897145509713,2.1956398487091064,30.89470863342285,46.83058166503906,27.989980697631836,76.36441040039062,2.167583465576172,39.70090103149414,7.445054054260254,1.0,0.3517173230648041,0.7589503407478331,2.2845993041992188,31.161998748779297,46.92499923706055,28.0989990234375,76.53500366210938,2.2330000400543213,39.75699996948242,7.576001167297363,0.6605137586593628,1.5998193025588983,1.0,0.3758833408355713,0.0008031695033423603,0.0016097898362204433,0.0025079073384404182,0.1839526891708374,0.2150449901819229,0.3903430104255676,0.207178995013237,0.03277000039815903,-0.005578000098466873,0.00646999990567565,0.07517500221729279,0.22919400036334991,0.2412099987268448,0.034999847412109375,3.140000104904175,3.121999979019165,0.032999999821186066,-0.007000000216066837,0.008999999612569809,0.01900005340576172,-2.8369998931884766,-2.8550000190734863,1.0,13.788601875305176,15.635440254211426,16.45633888244629,12.708553314208984,1.3376035690307617,15.694185256958008,0.230805903673172,1.3809891939163208,642.4791259765625,4014.0,1.050882339477539,1.2530062913894653,3.769806385040283,0.9042758941650391,0.630030632019043,1.253121256828308,0.007002042140811682,0.04179738834500313,1.3301728963851929,2.25879168510437,4.678253173828125,119.3411865234375,124.51230468749999,125.56746673583984,119.3293228149414,116.18394470214844,125.56114196777344,0.06677936762571335,0.08686664700508118,2.768709659576416,3.646242237091064,5.444103240966797,123.9932378133138,5.158793140821558,96.22903188069661,15.108680373184516
card_success,12,/media/chenshuai/EXTERNAL_USB/pih_dataset/260629_v8j_card/peg_in_hole_0629/success/episode_12.hdf5,501,25.05,1.0,29.766536712646484,0.4029581844806671,1.3381091296672818,4.617555141448975,59.42442321777344,46.91630554199219,63.178951263427734,79.32394409179688,2.080066680908203,42.29515838623047,10.717235565185547,1.0,0.4027678370475769,1.412307441234584,4.901689052581787,58.768001556396484,46.97100067138672,62.56299591064453,79.32099914550781,2.1740000247955322,42.2869987487793,10.845000267028809,0.7808172702789307,2.997685432434082,1.0,0.3556247651576996,0.0007112495368346572,0.0012290307553485035,0.0017669572262093425,0.20870999991893768,0.21726299822330475,0.3903990089893341,0.18436600267887115,0.03430499881505966,-0.004953000228852034,0.026662999764084816,0.06276200711727142,0.22902700304985046,0.21850599348545074,0.0279998779296875,3.140000104904175,3.134999990463257,0.026000000536441803,-0.00800000037997961,0.007000000216066837,0.016000032424926758,-2.8369998931884766,-2.8519999980926514,1.0,13.464634895324707,17.192846298217773,18.93448257446289,11.42670726776123,-5.322035312652588,16.7211971282959,0.4666776657104492,2.7968289852142334,635.5865478515625,3510.0,1.2246651649475098,2.0122122764587402,5.878276824951172,0.9556975960731506,0.4683775305747986,2.3913726806640625,0.009655933827161789,0.05856620520353317,1.4655699729919434,2.6847445964813232,5.562107086181641,117.44715118408203,120.74698638916016,121.20569610595703,117.43814086914062,110.56159973144531,121.19849395751953,0.06240161135792732,0.07292784750461578,2.7320175170898438,3.7191123962402344,6.391998767852783,123.12383270263672,4.669819296826628,96.08297220865886,17.718592242482842
card_success,13,/media/chenshuai/EXTERNAL_USB/pih_dataset/260629_v8j_card/peg_in_hole_0629/success/episode_13.hdf5,486,24.3,1.0,29.44721031188965,0.30797603726387024,0.6582955479621883,1.32939612865448,27.320613861083984,44.0164680480957,23.984338760375977,76.5978012084961,1.7256784439086914,41.15605163574219,6.298003196716309,1.0,0.3078642785549164,0.6896070599555962,1.320440649986267,27.450000762939453,44.08599853515625,24.110000610351562,76.79499816894531,1.7549998760223389,41.30699920654297,6.486001014709473,0.5757459998130798,1.3927278220653534,1.0,0.35030996799468994,0.0007222886197268963,0.00137714457232505,0.002322694519534707,0.18717330694198608,0.21014700829982758,0.3903590142726898,0.20330899953842163,0.028421999886631966,-0.004904000088572502,0.0016880000475794077,0.06512600183486938,0.22920000553131104,0.23083899915218353,0.031000137329101562,3.140000104904175,3.121000051498413,0.027000000700354576,-0.006000000052154064,0.0,0.02200007438659668,-2.8350000381469727,-2.8399999141693115,1.0,14.659784317016602,17.617141246795654,19.43195152282715,12.206480026245117,1.2439948320388794,15.471832275390625,0.634760856628418,2.4367141723632812,682.41357421875,4027.0,1.119488000869751,1.4344208538532257,3.327885627746582,0.8970962166786194,0.5022101998329163,1.7625861167907715,0.009741962887346745,0.042581554502248764,1.4691357612609863,2.6549545526504517,5.531368255615234,115.62631225585938,118.00257110595703,118.32926177978516,115.61717987060547,109.24702453613281,118.31971740722656,0.05965152755379677,0.06461167335510254,2.7313125133514404,3.690925419330597,5.650928497314453,123.96992492675781,5.186298902967888,94.68286641438802,17.779910364986755
card_success,14,/media/chenshuai/EXTERNAL_USB/pih_dataset/260629_v8j_card/peg_in_hole_0629/success/episode_14.hdf5,518,25.9,1.0,29.801292419433594,0.31167247891426086,0.7662040472030638,2.240997791290283,39.555908203125,47.08914566040039,37.14189910888672,73.90450286865234,3.5428433418273926,38.07821273803711,4.619388580322266,1.0,0.30737441778182983,0.6962803840637206,2.3514580726623535,38.24599838256836,47.07600021362305,35.750999450683594,74.031005859375,3.513000011444092,38.128997802734375,4.9459991455078125,0.5821276307106018,1.4015231490135176,1.0,0.3543338477611542,0.0006853652885183692,0.0012409831164404749,0.002030428498983383,0.19795119762420654,0.20816999673843384,0.39040499925613403,0.1932149976491928,0.030329998582601547,-0.005419999826699495,0.0117790000513196,0.06502899527549744,0.22896599769592285,0.23119600117206573,0.05800008773803711,3.140000104904175,3.0869998931884766,0.03400000184774399,-0.007000000216066837,-0.009999999776482582,0.024000167846679688,-2.8359999656677246,-2.8359999656677246,1.0,16.33573341369629,25.05436067581177,28.002758026123047,11.846259117126465,-2.9436936378479004,17.0885009765625,1.188360333442688,5.04451847076416,705.257568359375,4333.0,1.2360762357711792,1.906041973829269,5.421045303344727,0.8850897550582886,0.3875980079174042,3.050306558609009,0.012274906039237976,0.052926696836948395,1.5782054662704468,3.1411271810531622,5.473817825317383,113.98780822753906,117.44639778137207,117.75653839111328,113.97960662841797,105.68234252929688,117.74620056152344,0.05705787613987923,0.06519979238510132,2.7556216716766357,3.829017961025238,6.285097599029541,123.80368296305339,4.869961111985046,97.12315622965495,17.423825153979283
card_success,15,/media/chenshuai/EXTERNAL_USB/pih_dataset/260629_v8j_card/peg_in_hole_0629/success/episode_15.hdf5,449,22.45,1.0,29.087003707885742,0.31829634308815,0.6161488831043241,0.8521037101745605,16.623537063598633,43.54991149902344,17.022123336791992,77.29335021972656,1.2073421478271484,41.89251708984375,8.40314769744873,1.0,0.31897690892219543,0.606923297047615,0.9658547043800354,16.70400047302246,43.62699890136719,17.097999572753906,77.59500122070312,1.1920000314712524,42.111000061035156,8.570000648498535,0.5928224325180054,1.2261114597320557,1.0,0.3669061064720154,0.0008189868531189859,0.0016276519862003622,0.002388810971751809,0.18817417323589325,0.21326100826263428,0.3903619945049286,0.20375199615955353,0.03371100127696991,-0.004865000024437904,0.01846499927341938,0.06799699366092682,0.22930899262428284,0.22283299267292023,0.026999950408935547,3.140000104904175,3.130000114440918,0.032999999821186066,-0.006000000052154064,-0.008999999612569809,0.02499985694885254,-2.8369998931884766,-2.8499999046325684,1.0,12.636505126953125,15.185966110229492,16.883317947387695,11.542344093322754,-6.70197868347168,15.119075775146484,0.3148949444293976,1.224597454071045,645.4530639648438,3537.0,1.1813780069351196,1.5998247861862183,2.6047887802124023,0.9926679730415344,0.7403097748756409,2.113860607147217,0.009441203437745571,0.0303220022469759,1.4224157333374023,2.4381698131561262,5.18876838684082,120.20166015625,125.28226165771484,125.92689514160156,120.19475555419922,114.3499755859375,125.92306518554688,0.06604605913162231,0.08281626552343369,2.7728073596954346,3.758357381820678,5.343144416809082,123.26897430419922,4.743541863371836,97.82607777913411,14.479083581672281
card_success,16,/media/chenshuai/EXTERNAL_USB/pih_dataset/260629_v8j_card/peg_in_hole_0629/success/episode_16.hdf5,496,24.8,1.0,29.148412704467773,0.27896177768707275,0.5799485266208648,0.9371027946472168,20.978971481323242,43.545745849609375,17.63449478149414,73.4598159790039,2.7349178791046143,38.733211517333984,8.340302467346191,1.0,0.278094619512558,0.6095578134059902,0.9937770962715149,21.088998794555664,43.608001708984375,17.727998733520508,73.54499816894531,2.7230000495910645,38.78399658203125,8.620999336242676,0.5104143023490906,1.1776082515716553,1.0,0.34874391555786133,0.0007045331876724958,0.001375073951203376,0.002156080212444067,0.1849515438079834,0.19991599023342133,0.39039498567581177,0.20598700642585754,0.0318710021674633,-0.005158000160008669,0.008515999652445316,0.06713999807834625,0.22911599278450012,0.2328300029039383,0.043000221252441406,3.1389999389648438,3.0999999046325684,0.03099999949336052,-0.007000000216066837,-0.014999999664723873,0.023999929428100586,-2.8350000381469727,-2.8540000915527344,1.0,14.942708015441895,18.57551860809326,20.571056365966797,11.875044822692871,-1.1198593378067017,14.909088134765625,0.8570367693901062,2.8502814769744873,676.2811279296875,4332.0,1.2526441812515259,1.798797756433487,2.8043947219848633,0.9663822054862976,0.6033732295036316,2.316112756729126,0.012971836142241955,0.040903519839048386,1.6583402156829834,3.2613282799720764,6.732824802398682,115.91680908203125,119.05025100708008,119.45024108886719,115.90995025634766,108.89791107177734,119.44827270507812,0.05831697955727577,0.06478957086801529,2.841148853302002,4.028165817260742,6.3734846115112305,123.91280873616536,5.152903001291411,95.2732645670573,18.899652501838666
card_success,17,/media/chenshuai/EXTERNAL_USB/pih_dataset/260629_v8j_card/peg_in_hole_0629/success/episode_17.hdf5,461,23.05,1.0,29.45293617248535,0.3182128965854645,0.6985261559486384,1.6491507291793823,24.147647857666016,44.88975143432617,18.663450241088867,72.22364807128906,2.2528469562530518,38.03346633911133,7.73194694519043,1.0,0.3191258907318115,0.6843174844980233,1.7786352634429932,24.380001068115234,44.979000091552734,18.79599952697754,72.44099426269531,2.2070000171661377,38.22100067138672,7.757999420166016,0.6016151905059814,1.3715894222259521,1.0,0.36322489380836487,0.0007896193419583142,0.0015004714892711485,0.0036862243432551622,0.17594857513904572,0.19948101043701172,0.3904060125350952,0.21506500244140625,0.031658001244068146,-0.005545000080019236,-0.0037620000075548887,0.0775970071554184,0.229202002286911,0.2437019944190979,0.03900003433227539,3.1410000324249268,3.114000082015991,0.04500000178813934,-0.006000000052154064,0.003000000026077032,0.0279998779296875,-2.8369998931884766,-2.825000047683716,1.0,16.101865768432617,23.32555389404297,26.65308380126953,12.003423690795898,-2.5291218757629395,15.311704635620117,1.0904192924499512,4.698845386505127,711.8444213867188,4125.0,1.2681121826171875,1.8414583206176758,2.4205214977264404,0.9482100009918213,0.4888528287410736,1.2239630222320557,0.01222910825163126,0.03671127185225487,1.5939793586730957,3.1932084560394287,4.890404224395752,114.70197296142578,117.49466705322266,117.77906036376953,114.6929931640625,106.72367095947266,117.76807403564453,0.05664840713143349,0.06300300359725952,2.829702854156494,3.813762903213501,5.196214199066162,124.82349650065105,5.329199851026651,95.44670867919922,16.015382053539508
card_success,18,/media/chenshuai/EXTERNAL_USB/pih_dataset/260629_v8j_card/peg_in_hole_0629/success/episode_18.hdf5,460,23.0,1.0,29.438312530517578,0.29588329792022705,0.6671730101108547,1.2361911535263062,20.749860763549805,40.76825714111328,12.942525863647461,71.26286315917969,3.7053284645080566,36.901649475097656,8.852089881896973,1.0,0.2952078878879547,0.6321913182735439,1.2713803052902222,20.796998977661133,40.79500198364258,13.001999855041504,71.41200256347656,3.74399995803833,36.967002868652344,8.994000434875488,0.5581539273262024,1.2173026859760276,1.0,0.3468508720397949,0.0007556664058938622,0.001585638127289711,0.0030738527420908213,0.17616015672683716,0.1917710155248642,0.3903439939022064,0.21447600424289703,0.038704998791217804,-0.005590999964624643,-0.013074000366032124,0.0699700117111206,0.2291640043258667,0.23600900173187256,0.06599998474121094,3.140000104904175,3.115000009536743,0.05000000074505806,-0.007000000216066837,-0.01899999938905239,0.024000167846679688,-2.8369998931884766,-2.8329999446868896,1.0,13.729509353637695,15.800592517852783,17.260643005371094,12.006385803222656,-0.04393630474805832,15.104106903076172,0.4696204662322998,1.9212594032287598,637.3490600585938,3561.0,1.3172187805175781,1.8628866612911221,3.9398157596588135,1.07465398311615,0.698571503162384,2.9710137844085693,0.012777228839695454,0.04584385082125664,1.6225279569625854,2.849796032905578,6.704396724700928,116.30846405029297,118.84697685241699,119.39224243164062,116.30101776123047,111.06641387939453,119.38577270507812,0.056746967136859894,0.06878839433193207,2.8260140419006348,3.822889530658722,6.821026802062988,124.7322769165039,5.738032220390458,93.85740407307942,16.818270079273674
card_success,19,/media/chenshuai/EXTERNAL_USB/pih_dataset/260629_v8j_card/peg_in_hole_0629/success/episode_19.hdf5,456,22.8,1.0,29.374622344970703,0.3316826820373535,0.7940877318382258,1.8724528551101685,27.14293098449707,44.625205993652344,22.624588012695312,75.61038208007812,2.325033664703369,39.75954818725586,6.900956153869629,1.0,0.3338225185871124,0.8014834403991693,2.011701822280884,27.57900047302246,44.80500030517578,23.054000854492188,75.9020004272461,2.368000030517578,39.935001373291016,7.214999198913574,0.6237218976020813,1.768690139055252,1.0,0.37068790197372437,0.0008146986947394907,0.0016339844907633959,0.0033725255634635687,0.1815686672925949,0.2059289813041687,0.3903540074825287,0.20928899943828583,0.03174800053238869,-0.005872999783605337,0.001474000047892332,0.07466399669647217,0.22912800312042236,0.2404710054397583,0.039999961853027344,3.140000104904175,3.111999988555908,0.028999999165534973,-0.006000000052154064,-0.007000000216066837,0.016000032424926758,-2.8389999866485596,-2.8519999980926514,1.0,14.193610191345215,17.4999041557312,19.4315128326416,12.195834159851074,0.7109561562538147,16.592985153198242,0.5614014863967896,2.0283708572387695,646.8630981445312,4078.0,1.1851420402526855,1.534720242023468,2.390227794647217,0.9942799806594849,0.6668684482574463,1.372865915298462,0.01021089032292366,0.030942611396312714,1.4743140935897827,2.533110737800598,4.4492902755737305,115.49004364013672,120.09918785095215,120.66727447509766,115.48413848876953,109.52527618408203,120.65924072265625,0.055228281766176224,0.06993613392114639,2.730854034423828,3.7149330973625183,5.019691467285156,124.802978515625,5.373573386022244,95.14915466308594,17.53040962528993
card_bounce_hengxiang,0,/media/chenshuai/EXTERNAL_USB/pih_dataset/260629_v8j_card/peg_in_hole_0629/bounce_hengxiang/episode_0.hdf5,423,21.15,1.0,31.625179290771484,0.4271489679813385,1.5222847640514354,3.745993137359619,64.6023941040039,44.0955924987793,64.79056549072266,74.69778442382812,2.5779757499694824,38.12163162231445,13.96174430847168,1.0,0.42881840467453003,1.4751444220542906,4.1511006355285645,64.87699890136719,44.12799835205078,65.05699920654297,74.80599975585938,2.5980000495910645,38.15500259399414,14.149999618530273,0.8096777200698853,2.5455899953842156,1.0,0.33902284502983093,0.0008033716585487127,0.0014857238682452589,0.0027193573769181967,0.20661841332912445,0.21292300522327423,0.3903670012950897,0.18532299995422363,0.03566500172019005,-0.0051310001872479916,0.01869400031864643,0.06171900033950806,0.2292100042104721,0.22023800015449524,0.03600001335144043,3.1389999389648438,3.1070001125335693,0.03099999949336052,-0.007000000216066837,-0.013000000268220901,0.054000139236450195,-2.8369998931884766,-2.884000062942505,1.0,14.086438179016113,17.65083770751953,22.339780807495117,12.523455619812012,5.953256607055664,17.162704467773438,0.5279145836830139,3.4557223320007324,685.2438354492188,3461.0,1.0182418823242188,1.6371861696243284,3.2268712520599365,0.6376847624778748,0.18977071344852448,0.8833068609237671,0.012808751314878464,0.04208846017718315,1.2703646421432495,2.4550362348556516,4.210931301116943,33.30329132080078,37.08709907531738,38.12308883666992,33.212501525878906,30.041358947753906,38.053627014160156,0.059214264154434204,0.08039376884698868,2.4704158306121826,3.7335171937942504,4.137657165527344,123.92782338460286,5.028140431726641,95.20572153727214,16.89884395473825
card_bounce_hengxiang,1,/media/chenshuai/EXTERNAL_USB/pih_dataset/260629_v8j_card/peg_in_hole_0629/bounce_hengxiang/episode_1.hdf5,401,20.05,1.0,29.036226272583008,0.3470536768436432,0.7334331840276718,1.1636470556259155,21.045948028564453,43.35454559326172,19.12724494934082,73.30730438232422,2.3547356128692627,38.5026741027832,11.199443817138672,1.0,0.3471324145793915,0.7298823833465573,1.1891568899154663,20.96700096130371,43.30799865722656,18.882999420166016,73.47100830078125,2.3939998149871826,38.52699661254883,11.32699966430664,0.6552515029907227,1.4161778688430786,1.0,0.34493252635002136,0.0008623313042335212,0.0016453029005788265,0.0026161829009652138,0.18774540722370148,0.20085200667381287,0.3903459906578064,0.20377199351787567,0.03839400038123131,-0.005113000050187111,0.015611999668180943,0.06546001136302948,0.2292259931564331,0.23221799731254578,0.034999847412109375,3.140000104904175,3.111999988555908,0.03500000014901161,-0.006000000052154064,-0.01899999938905239,0.029000043869018555,-2.8359999656677246,-2.859999895095825,1.0,13.968570709228516,16.04142189025879,17.8732967376709,12.835269927978516,3.1982839107513428,15.749332427978516,0.4503675699234009,3.2440500259399414,704.0502319335938,3602.0,0.9934827089309692,1.5360647439956665,3.6986382007598877,0.6788983941078186,0.4010564982891083,1.2976332902908325,0.011537749320268631,0.04322723299264908,1.3178784847259521,2.5357699394226074,4.445578098297119,34.23740005493164,37.63951110839844,38.49667739868164,34.148704528808594,31.36911964416504,38.435585021972656,0.060514867305755615,0.08731073886156082,2.5263454914093018,3.8087170124053955,4.6769232749938965,124.74424743652344,4.935890347378201,95.3298568725586,18.820455585083227
card_bounce_hengxiang,2,/media/chenshuai/EXTERNAL_USB/pih_dataset/260629_v8j_card/peg_in_hole_0629/bounce_hengxiang/episode_2.hdf5,468,23.4,1.0,29.371932983398438,0.3232804834842682,0.7704133093357084,1.6578528881072998,29.280765533447266,43.56977081298828,26.755216598510742,75.78074645996094,2.7190017700195312,38.577125549316406,6.572434425354004,1.0,0.3252257704734802,0.8348540067672726,1.7424384355545044,29.13599967956543,43.544002532958984,26.659000396728516,76.093994140625,2.749000072479248,38.770999908447266,6.684999465942383,0.6285849809646606,1.655106061697006,1.0,0.36031317710876465,0.0007715485407970846,0.0015987318125553428,0.003108424134552479,0.19337406754493713,0.2094690054655075,0.3903549909591675,0.19793599843978882,0.03794700279831886,-0.005179999861866236,0.013829999603331089,0.06525500118732452,0.22921699285507202,0.23187899589538574,0.04900002479553223,3.1389999389648438,3.1029999256134033,0.035999998450279236,-0.006000000052154064,-0.014999999664723873,0.02500009536743164,-2.8369998931884766,-2.8610000610351562,1.0,14.02686595916748,16.006889820098877,18.483198165893555,12.853721618652344,1.3630634546279907,16.7701416015625,0.49341073632240295,2.296118974685669,704.5881958007812,3601.0,1.2074164152145386,1.6516333520412438,5.503720283508301,0.8536288738250732,0.46020060777664185,4.034103870391846,0.013469180092215538,0.05804167687892914,1.4620096683502197,2.8233294963836673,6.533752918243408,34.280364990234375,37.81892547607422,39.287166595458984,34.19717025756836,32.174766540527344,39.27384567260742,0.05842316150665283,0.08738235384225845,2.601991891860962,3.926389563083649,7.590817928314209,124.26746877034505,5.04153448086479,97.02906545003255,15.744375979919207
card_bounce_hengxiang,3,/media/chenshuai/EXTERNAL_USB/pih_dataset/260629_v8j_card/peg_in_hole_0629/bounce_hengxiang/episode_3.hdf5,440,22.0,1.0,29.31659698486328,0.330443412065506,0.8538480460643766,1.3057228326797485,30.743316650390625,43.956993103027344,21.961177825927734,71.8868408203125,3.8877651691436768,38.34504318237305,10.467957496643066,1.0,0.33117127418518066,0.8920465290546414,1.4339306354522705,30.739999771118164,43.9900016784668,21.98200035095215,72.05799865722656,3.996000051498413,38.548004150390625,10.526000022888184,0.6414688229560852,1.7772944331169127,1.0,0.35001176595687866,0.0007972933235578239,0.001739568868651985,0.002563182497397065,0.19034156203269958,0.1958400011062622,0.39040499925613403,0.2000650018453598,0.037394002079963684,-0.005189999938011169,-0.0058570001274347305,0.06324000656604767,0.2290090024471283,0.22861899435520172,0.06599998474121094,3.140000104904175,3.0880000591278076,0.04800000041723251,-0.006000000052154064,-0.004000000189989805,0.017000198364257812,-2.8380000591278076,-2.8389999866485596,1.0,13.388541221618652,15.799513959884642,20.07615089416504,11.914880752563477,-19.46648406982422,15.992806434631348,0.5640795826911926,3.5653810501098633,745.6532592773438,4739.0,1.4758341312408447,3.513750302791593,9.101783752441406,0.9626684188842773,0.631098747253418,3.7490663528442383,0.016615107655525208,0.08554653078317642,1.6423068046569824,3.5219390153884884,8.140276908874512,34.7860221862793,38.50163879394531,39.14023971557617,34.71426773071289,30.964616775512695,39.131248474121094,0.05821510776877403,0.07638273388147354,2.7547667026519775,4.243542194366455,8.548774719238281,124.30810546875,5.438933657608626,92.04708735148112,21.754279191873152
card_bounce_hengxiang,4,/media/chenshuai/EXTERNAL_USB/pih_dataset/260629_v8j_card/peg_in_hole_0629/bounce_hengxiang/episode_4.hdf5,410,20.5,1.0,29.31686019897461,0.3663032352924347,0.8836175680160518,1.6113237142562866,28.741544723510742,44.88966369628906,26.411457061767578,76.22044372558594,2.9367494583129883,38.950374603271484,8.609780311584473,1.0,0.3684592545032501,0.8998828411102292,1.8904708623886108,29.031999588012695,45.04999923706055,26.578998565673828,76.51800537109375,2.933000087738037,39.15499496459961,8.996999740600586,0.7147273421287537,1.7387569189071637,1.0,0.350821852684021,0.0008577551343478262,0.0017223869916051626,0.0030742099042981863,0.1976005584001541,0.2115119993686676,0.3903700113296509,0.19378599524497986,0.034352999180555344,-0.005551000125706196,0.013132999651134014,0.06206999719142914,0.22911399602890015,0.22192999720573425,0.04699993133544922,3.140000104904175,3.0989999771118164,0.041999999433755875,-0.007000000216066837,-0.008999999612569809,0.021000146865844727,-2.8369998931884766,-2.8510000705718994,1.0,13.868499755859375,16.381476974487303,19.761856079101562,12.457578659057617,0.4994544982910156,17.732933044433594,0.4329698979854584,2.4761250019073486,662.1759643554688,4200.0,1.4390612840652466,2.420562517642966,5.952185153961182,1.0794837474822998,0.631096601486206,4.613554954528809,0.01450753677636385,0.06530386954545975,1.6852188110351562,3.272175467014313,7.93635892868042,33.377498626708984,38.50591259002685,40.08991622924805,33.303829193115234,29.96685791015625,40.08976745605469,0.05290142074227333,0.09912989288568497,2.718106269836426,4.029103255271911,8.29854965209961,124.90685272216797,5.27509800407105,96.02017466227214,17.516751812011922
card_bounce_hengxiang,5,/media/chenshuai/EXTERNAL_USB/pih_dataset/260629_v8j_card/peg_in_hole_0629/bounce_hengxiang/episode_5.hdf5,438,21.9,1.0,29.384851455688477,0.32688334584236145,0.6807628273963927,1.0478845834732056,20.232357025146484,43.20935821533203,13.845499992370605,73.48065185546875,4.227212429046631,38.32426071166992,6.815079689025879,1.0,0.3278384804725647,0.6961847901344299,1.0621089935302734,20.227001190185547,43.21800231933594,13.812000274658203,73.53900146484375,4.255000114440918,38.428001403808594,6.8819990158081055,0.6308779120445251,1.3838394045829767,1.0,0.37029367685317993,0.0008473539492115378,0.0016453573480248451,0.002640344901010394,0.1797179877758026,0.203793004155159,0.39021098613739014,0.21091599762439728,0.038724999874830246,-0.005171000026166439,0.0020860000513494015,0.07288900017738342,0.22874799370765686,0.2387080043554306,6.2820000648498535,3.1389999389648438,3.0910000801086426,0.041999999433755875,-0.008999999612569809,-0.03099999949336052,0.03099989891052246,-2.8350000381469727,-2.86299991607666,1.0,13.71971321105957,15.763248920440674,18.3272762298584,12.555085182189941,-0.7238088846206665,17.480701446533203,0.42180076241493225,2.381850481033325,666.4876098632812,3574.0,1.3571150302886963,2.1355639457702633,6.91190242767334,1.045013427734375,0.6642539501190186,2.8557698726654053,0.012734535150229931,0.07239167392253876,1.6081486940383911,3.045239865779877,5.8402299880981445,34.915443420410156,40.18460521697998,40.89128494262695,34.849178314208984,31.826187133789062,40.85393142700195,0.054569460451602936,0.08059582114219666,2.671348810195923,3.9348273992538454,6.361145973205566,124.91245524088542,5.716334482623158,94.76787567138672,18.112295518750877
card_bounce_hengxiang,6,/media/chenshuai/EXTERNAL_USB/pih_dataset/260629_v8j_card/peg_in_hole_0629/bounce_hengxiang/episode_6.hdf5,428,21.4,1.0,29.49476432800293,0.34089207649230957,0.6929506480693816,0.9895922541618347,22.54936408996582,41.582618713378906,12.36838150024414,74.04212951660156,5.562612533569336,39.70439529418945,11.677752494812012,1.0,0.3413594365119934,0.7008425891399382,0.9234563112258911,22.498001098632812,41.60900115966797,12.338000297546387,74.12200164794922,5.616000175476074,39.74400329589844,11.783000946044922,0.6535068154335022,1.421660804748535,1.0,0.3669523298740387,0.0008593731326982379,0.0016587342019192873,0.0021580709144473076,0.17584769427776337,0.19868500530719757,0.3903599977493286,0.21462999284267426,0.04007900133728981,-0.005663000047206879,-0.009610000066459179,0.07058800756931305,0.22913600504398346,0.23421500623226166,0.09100008010864258,3.1410000324249268,3.068000078201294,0.04100000113248825,-0.007000000216066837,-0.0020000000949949026,0.03400015830993652,-2.8380000591278076,-2.864000082015991,1.0,13.480208396911621,17.241628170013428,21.009815216064453,12.305230140686035,-3.953946590423584,17.332792282104492,0.45280179381370544,2.7308712005615234,723.9422607421875,3783.0,1.4843122959136963,2.611321604251861,7.876683712005615,1.1288856267929077,0.6860558986663818,3.3060638904571533,0.012995585799217224,0.08125921338796616,1.5790690183639526,2.977535367012024,7.579586982727051,35.05202865600586,39.518361473083495,40.73224639892578,34.985286712646484,31.989763259887695,40.69484329223633,0.054065730422735214,0.08094499260187149,2.6188976764678955,3.8533252596855165,7.944774150848389,124.79955546061198,5.95204417864357,91.91217041015625,20.75585899745624
card_bounce_hengxiang,7,/media/chenshuai/EXTERNAL_USB/pih_dataset/260629_v8j_card/peg_in_hole_0629/bounce_hengxiang/episode_7.hdf5,422,21.1,1.0,30.009023666381836,0.3884623050689697,1.1988991498947144,1.9348793029785156,42.496551513671875,45.0728759765625,33.99017333984375,76.56948852539062,5.584921360015869,39.454097747802734,8.665383338928223,1.0,0.38936489820480347,1.224552035331726,2.05920147895813,42.83300018310547,45.10600280761719,34.26599884033203,76.88500213623047,5.660999774932861,39.63600540161133,8.859000205993652,0.7443650960922241,2.490225315093994,1.0,0.36866042017936707,0.0008756779716350138,0.001982905436307192,0.0031873073894530535,0.19573664665222168,0.21102198958396912,0.3903470039367676,0.19478900730609894,0.03386500105261803,-0.0051819998770952225,-0.00519599998369813,0.07080599665641785,0.2292180061340332,0.23757900297641754,0.09299993515014648,3.140000104904175,3.0739998817443848,0.03399999812245369,-0.006000000052154064,-0.017000000923871994,0.0280001163482666,-2.8369998931884766,-2.865000009536743,1.0,13.45344066619873,15.463589525222778,19.98232078552246,12.339980125427246,0.242874875664711,19.33797836303711,0.3678675889968872,1.7047029733657837,668.0145263671875,4076.0,1.543212652206421,2.4485446572303764,5.721401214599609,1.2152531147003174,0.8460068106651306,2.227358818054199,0.013564614579081535,0.06542421877384186,1.6450709104537964,3.210546076297759,6.4618940353393555,35.452083587646484,40.26731567382812,41.057960510253906,35.390628814697266,33.097023010253906,41.05366516113281,0.0540776401758194,0.07484334707260132,2.7239794731140137,3.9698747634887694,6.949147701263428,124.7874043782552,6.074417043272255,95.3143819173177,16.78160904197858
card_bounce_hengxiang,8,/media/chenshuai/EXTERNAL_USB/pih_dataset/260629_v8j_card/peg_in_hole_0629/bounce_hengxiang/episode_8.hdf5,457,22.85,1.0,29.362407684326172,0.2813502550125122,0.5736800283193588,1.2260582447052002,18.986827850341797,41.23165512084961,10.429100036621094,71.69025421142578,5.24254846572876,37.474178314208984,9.013383865356445,1.0,0.2813648283481598,0.5800834149122238,1.274752140045166,19.097000122070312,41.384002685546875,10.503000259399414,71.87100219726562,5.2210001945495605,37.54300308227539,9.13599967956543,0.5433648824691772,1.0876974821090697,1.0,0.3315366208553314,0.00072705396451056,0.001563522411743179,0.0029317382723093033,0.18649157881736755,0.19774898886680603,0.3903529942035675,0.20419900119304657,0.03588999807834625,-0.005042999982833862,-0.0011749999830499291,0.062132999300956726,0.22916899621486664,0.218640998005867,0.0989999771118164,3.140000104904175,3.0460000038146973,0.04500000178813934,-0.006000000052154064,-0.04800000041723251,0.021999835968017578,-2.8369998931884766,-2.8499999046325684,1.0,14.04559326171875,16.411775588989258,19.667829513549805,12.708172798156738,2.007966995239258,16.040874481201172,0.5679522156715393,3.068314552307129,719.5457763671875,4224.0,1.5396705865859985,2.251643133163452,5.326746940612793,1.2533601522445679,0.8943342566490173,2.15259051322937,0.012951888144016266,0.06154279783368111,1.5950610637664795,2.989644384384155,5.811373710632324,35.07154846191406,40.79028854370117,41.275020599365234,35.00844192504883,31.654165267944336,41.26264190673828,0.05434279516339302,0.08167478442192078,2.654144048690796,3.8583045005798335,6.210870742797852,124.4166488647461,5.378996374955987,95.1067123413086,16.043087205189213
card_bounce_hengxiang,9,/media/chenshuai/EXTERNAL_USB/pih_dataset/260629_v8j_card/peg_in_hole_0629/bounce_hengxiang/episode_9.hdf5,424,21.2,1.0,29.917295455932617,0.38056033849716187,1.0534487724304187,1.885043978691101,35.39976119995117,45.063045501708984,26.9621639251709,73.07667541503906,3.9703218936920166,38.92829895019531,10.287943840026855,1.0,0.3806765079498291,1.056664943695068,1.8751602172851562,35.441001892089844,45.119998931884766,26.979999542236328,73.28700256347656,4.00600004196167,39.072998046875,10.388999938964844,0.7347140312194824,2.0457941651344296,1.0,0.37063610553741455,0.0008762083016335964,0.001933659974019974,0.002557959873229265,0.18833178281784058,0.2062230110168457,0.3903670012950897,0.20243799686431885,0.04224399849772453,-0.005125000141561031,-0.006835999898612499,0.07533100247383118,0.22908399999141693,0.24127499759197235,0.06299996376037598,3.140000104904175,3.11299991607666,0.04600000008940697,-0.007000000216066837,-0.013000000268220901,0.031000137329101562,-2.8359999656677246,-2.8429999351501465,1.0,13.370027542114258,15.228892755508422,16.24753189086914,12.640823364257812,3.3170273303985596,15.577893257141113,0.3924199342727661,2.3537614345550537,699.4555053710938,3464.0,1.5131464004516602,1.900887984037398,4.160024642944336,1.2832324504852295,1.0467593669891357,1.6000386476516724,0.011594670824706554,0.05185529589653015,1.4358055591583252,2.8542253255844114,5.134376049041748,37.773406982421875,41.30912914276123,42.25325012207031,37.713077545166016,32.59645462036133,42.23244094848633,0.05690687149763107,0.08080040663480759,2.626434564590454,3.8427364826202393,5.719095706939697,125.65265655517578,6.359423269794468,95.48134358723958,16.870888006251164
card_bounce_hengxiang,10,/media/chenshuai/EXTERNAL_USB/pih_dataset/260629_v8j_card/peg_in_hole_0629/bounce_hengxiang/episode_10.hdf5,415,20.75,1.0,29.206340789794922,0.3232339918613434,0.6609848916530604,1.156522512435913,19.810596466064453,44.34355545043945,14.126497268676758,70.99168395996094,2.847872495651245,37.29545974731445,7.438648223876953,1.0,0.3246694505214691,0.6585388362407681,1.159737467765808,19.878999710083008,44.39899826049805,14.173999786376953,71.13299560546875,2.9570000171661377,37.52000045776367,7.63800048828125,0.6104030609130859,1.261137580871582,1.0,0.3506454527378082,0.000846969720441848,0.0016410805692430583,0.0024048895575106144,0.18318524956703186,0.19970901310443878,0.39037999510765076,0.20728999376296997,0.037025999277830124,-0.005117000080645084,0.0007880000048317015,0.06182199716567993,0.22899000346660614,0.22886399924755096,0.04699993133544922,3.1389999389648438,3.1070001125335693,0.04600000008940697,-0.006000000052154064,-0.02800000086426735,0.017999887466430664,-2.8369998931884766,-2.8420000076293945,1.0,13.915058135986328,15.992164039611815,20.600261688232422,12.615269660949707,2.558211326599121,15.335857391357422,0.42892616987228394,2.349407434463501,676.7786865234375,4170.0,2.1214420795440674,2.4530410051345823,4.427247524261475,1.9283976554870605,1.6252250671386719,3.0686028003692627,0.011406466364860535,0.04889879748225212,1.445224642753601,2.891629219055176,4.968346118927002,38.69611358642578,44.695420837402345,46.07360076904297,38.638301849365234,35.81875991821289,46.073360443115234,0.05339936539530754,0.08165813982486725,2.62544584274292,3.8398568630218506,5.141046524047852,125.06690216064453,5.656082676608753,92.9346440633138,20.151027286789358
card_bounce_hengxiang,11,/media/chenshuai/EXTERNAL_USB/pih_dataset/260629_v8j_card/peg_in_hole_0629/bounce_hengxiang/episode_11.hdf5,412,20.6,1.0,29.48359489440918,0.3591107726097107,0.8047098219394684,1.2066528797149658,33.77826690673828,42.3406867980957,23.14284896850586,75.7950439453125,4.1503729820251465,39.903865814208984,14.30026912689209,1.0,0.3598150610923767,0.8140053153038025,1.1853177547454834,33.887001037597656,42.41400146484375,23.263999938964844,75.95100402832031,4.203999996185303,39.990997314453125,14.368000030517578,0.6764430999755859,1.5458686769008636,1.0,0.34787237644195557,0.0008464048150926828,0.0016000190516933799,0.0018980462336912751,0.19623880088329315,0.2044759839773178,0.390300989151001,0.19418799877166748,0.04330199956893921,-0.005169999785721302,-0.01093399990350008,0.06271100044250488,0.22906799614429474,0.22505100071430206,6.2820000648498535,3.1389999389648438,3.0859999656677246,0.041999999433755875,-0.007000000216066837,-0.019999999552965164,0.021999835968017578,-2.8359999656677246,-2.8369998931884766,1.0,13.494443893432617,15.551567792892456,18.854219436645508,12.454082489013672,1.5864064693450928,15.970846176147461,0.28527164459228516,1.997750997543335,682.734375,3644.0,2.1218442916870117,2.4224409103393554,5.678664207458496,1.9475737810134888,1.523449420928955,4.008795261383057,0.011199217289686203,0.05223899707198143,1.451987624168396,2.8901420831680285,5.5872111320495605,37.99281692504883,40.14925346374512,42.468955993652344,37.93120574951172,35.467716217041016,42.429534912109375,0.04973682761192322,0.08267821371555328,2.6396515369415283,3.8812696456909177,5.751358509063721,125.00902303059895,5.971652912563506,95.00731658935547,16.029446212446658
card_bounce_hengxiang,12,/media/chenshuai/EXTERNAL_USB/pih_dataset/260629_v8j_card/peg_in_hole_0629/bounce_hengxiang/episode_12.hdf5,377,18.85,1.0,29.443817138671875,0.37484920024871826,0.8744946420192719,1.3318824768066406,29.090953826904297,41.36629867553711,13.632709503173828,72.54899597167969,7.098369598388672,39.20257568359375,16.55146598815918,1.0,0.3748435974121094,0.9260505139827728,1.32051682472229,28.566999435424805,41.3380012512207,13.375000953674316,73.01400756835938,7.186999797821045,39.375003814697266,16.639999389648438,0.7180663347244263,1.7819941997528073,1.0,0.35504376888275146,0.0009442653390578926,0.0018894152308348566,0.0031946413218975067,0.19224444031715393,0.19538798928260803,0.3903160095214844,0.1989939957857132,0.052918002009391785,-0.005171000026166439,-0.020193999633193016,0.0668029934167862,0.22919300198554993,0.21787400543689728,0.11599993705749512,3.1389999389648438,3.0360000133514404,0.03999999910593033,-0.007000000216066837,-0.008999999612569809,0.01900005340576172,-2.8369998931884766,-2.8540000915527344,1.0,13.116909980773926,16.246197509765626,21.070966720581055,11.83257007598877,-6.323744297027588,20.380661010742188,0.43751636147499084,2.656235456466675,680.5104370117188,3904.0,2.4397706985473633,4.333642768859862,9.831992149353027,2.043984889984131,1.6699532270431519,5.031480312347412,0.015984660014510155,0.09423517435789108,1.632857322692871,3.2875632286071754,7.691298961639404,38.991539001464844,44.27042999267578,45.02912521362305,38.9323616027832,34.62095642089844,45.01285171508789,0.0531272292137146,0.08894982188940048,2.7074496746063232,4.0103559494018555,8.186248779296875,125.1362787882487,5.745110838861648,95.39400482177734,16.378628438956987
card_bounce_hengxiang,13,/media/chenshuai/EXTERNAL_USB/pih_dataset/260629_v8j_card/peg_in_hole_0629/bounce_hengxiang/episode_13.hdf5,334,16.7,1.0,29.69908905029297,0.4443257749080658,0.9285957932472226,1.5045266151428223,35.010833740234375,45.30952453613281,25.18992805480957,74.95552062988281,3.341759204864502,39.56993103027344,13.05102252960205,1.0,0.4475744664669037,0.9358372330665587,1.4748291969299316,35.40400314331055,45.470001220703125,25.45199966430664,75.23400115966797,3.490999937057495,39.72299575805664,13.142999649047852,0.8379945158958435,1.8291133344173427,1.0,0.3494354486465454,0.0010493557201698422,0.0019163938472047436,0.0026756329461932182,0.1957736760377884,0.20813100039958954,0.3903439939022064,0.19472600519657135,0.04341199994087219,-0.005661000031977892,-0.011599999852478504,0.06491999328136444,0.22904500365257263,0.22397899627685547,0.054000139236450195,3.1389999389648438,3.1010000705718994,0.04100000113248825,-0.006000000052154064,-0.008999999612569809,0.019999980926513672,-2.8369998931884766,-2.8320000171661377,1.0,13.625123023986816,15.391563606262205,16.53832244873047,12.795039176940918,3.158538818359375,15.900779724121094,0.3671712875366211,2.2207694053649902,708.9435424804688,4522.0,2.0578501224517822,2.430118751525879,5.2811760902404785,1.9083669185638428,1.6130070686340332,2.7101635932922363,0.01021560188382864,0.05757254734635353,1.5275695323944092,2.909048509597778,5.6681952476501465,40.46768569946289,45.428848838806154,46.21274185180664,40.41851806640625,36.780948638916016,46.20027542114258,0.05708180367946625,0.08382272720336914,2.67134690284729,3.8482412576675413,6.112942695617676,125.30998992919922,5.735332328773852,94.42126973470052,17.10689131925426
card_bounce_hengxiang,14,/media/chenshuai/EXTERNAL_USB/pih_dataset/260629_v8j_card/peg_in_hole_0629/bounce_hengxiang/episode_14.hdf5,433,21.65,1.0,29.374814987182617,0.3123055100440979,0.6957513391971587,1.403722882270813,21.26591682434082,40.221458435058594,11.215864181518555,71.67237854003906,4.700730800628662,37.571441650390625,12.562142372131348,1.0,0.3120471239089966,0.7057741612195968,1.714597225189209,21.447999954223633,40.220001220703125,11.302000045776367,71.87100219726562,4.701000213623047,37.67499923706055,12.677000045776367,0.5923250317573547,1.371161890029907,1.0,0.346864253282547,0.0008029264863580465,0.0016516909352503714,0.005178126972168684,0.18062297999858856,0.19363701343536377,0.39031699299812317,0.20973800122737885,0.03998199850320816,-0.005524999927729368,-0.00824700016528368,0.06201399862766266,0.22900299727916718,0.22609099745750427,0.08599996566772461,3.140000104904175,3.059999942779541,0.03199999779462814,-0.00800000037997961,-0.02199999988079071,0.02500009536743164,-2.8369998931884766,-2.8469998836517334,1.0,13.508252143859863,16.809384155273438,20.468191146850586,12.31700325012207,2.118614435195923,19.276657104492188,0.4756098985671997,2.8198039531707764,695.486328125,3787.0,2.226508378982544,3.4830508232116646,5.684732913970947,1.9311598539352417,1.552222490310669,3.290268659591675,0.013482820242643356,0.06096567213535309,1.5421197414398193,3.0367094039916993,6.231430530548096,39.136844635009766,43.56921920776367,44.379783630371094,39.09172821044922,33.45555114746094,44.35761260986328,0.0533396415412426,0.07865194976329803,2.6431515216827393,3.878461217880249,7.125894069671631,124.72613779703777,5.505202768718375,93.69258117675781,19.552495360361377
card_bounce_hengxiang,16,/media/chenshuai/EXTERNAL_USB/pih_dataset/260629_v8j_card/peg_in_hole_0629/bounce_hengxiang/episode_16.hdf5,395,19.75,1.0,29.75481414794922,0.3606826961040497,0.7922532856464376,1.3957597017288208,27.839473724365234,42.075927734375,18.09219741821289,72.34264373779297,4.153905868530273,37.98573303222656,12.034524917602539,1.0,0.36324405670166016,0.8026870459318135,1.4391181468963623,28.07900047302246,42.13099670410156,18.256000518798828,72.50300598144531,4.190000057220459,38.15400314331055,12.166000366210938,0.6860067248344421,1.6600978016853256,1.0,0.3475411534309387,0.0008820841321721673,0.0015927532396744937,0.0033612377010285854,0.18756869435310364,0.1989089995622635,0.3903430104255676,0.20282100141048431,0.039636000990867615,-0.0056130001321434975,-0.00863100029528141,0.06613300740718842,0.22900299727916718,0.23190200328826904,0.07299995422363281,3.140000104904175,3.0769999027252197,0.04100000113248825,-0.007000000216066837,-0.014000000432133675,0.026999950408935547,-2.8380000591278076,-2.8350000381469727,1.0,13.849246978759766,15.402169036865232,17.17742156982422,12.835758209228516,4.3893632888793945,16.02428436279297,0.3302968442440033,2.0814919471740723,654.3504638671875,3926.0,2.1144301891326904,2.46374249458313,6.841426372528076,1.9451805353164673,1.561719536781311,5.549139976501465,0.011927615851163864,0.05483333766460419,1.521636962890625,2.974870443344116,6.26230525970459,38.72086715698242,44.47293853759765,46.54946517944336,38.673095703125,34.96687316894531,46.53462219238281,0.05063742771744728,0.0816662609577179,2.6808853149414062,3.8719961881637572,6.703286170959473,125.23970286051433,5.768486356413714,96.3282241821289,15.650288824057796
card_bounce_hengxiang,17,/media/chenshuai/EXTERNAL_USB/pih_dataset/260629_v8j_card/peg_in_hole_0629/bounce_hengxiang/episode_17.hdf5,492,24.6,1.0,29.48395538330078,0.2772620916366577,0.6421451270580292,1.079682469367981,24.913089752197266,41.450801849365234,15.09997844696045,73.36082458496094,4.706603050231934,38.81513977050781,11.06715202331543,1.0,0.278237521648407,0.6564767062664032,0.9971503615379333,25.10300064086914,41.474002838134766,15.033000946044922,73.552001953125,4.836999893188477,38.98899841308594,11.14799976348877,0.5275930762290955,1.2574679672718045,1.0,0.3404694199562073,0.0006934204138815403,0.00142247712938115,0.002142570447176695,0.18991798162460327,0.20054900646209717,0.39040499925613403,0.20067299902439117,0.040286000818014145,-0.00559299997985363,-0.008658000268042088,0.06328700482845306,0.22901299595832825,0.2211890071630478,0.07999992370605469,3.140000104904175,3.071000099182129,0.03500000014901161,-0.007000000216066837,-0.017999999225139618,0.01699995994567871,-2.8369998931884766,-2.8369998931884766,1.0,13.286391258239746,15.112316465377807,16.186691284179688,12.539640426635742,4.07966947555542,15.49758243560791,0.5532769560813904,2.8442959785461426,729.8594360351562,4638.0,2.127192974090576,2.5699491143226623,4.442556381225586,1.904099464416504,1.5592070817947388,2.6052377223968506,0.01371223758906126,0.05122022330760956,1.4405606985092163,2.939991652965545,5.14199161529541,41.356483459472656,45.35650978088379,45.961753845214844,41.31252670288086,36.51201629638672,45.951637268066406,0.056533120572566986,0.08326921612024307,2.6923253536224365,3.9236714839935303,5.694403171539307,125.11643473307292,5.574074705576293,93.08540852864583,19.575613129281354
card_bounce_hengxiang,19,/media/chenshuai/EXTERNAL_USB/pih_dataset/260629_v8j_card/peg_in_hole_0629/bounce_hengxiang/episode_19.hdf5,341,17.05,1.0,30.31794548034668,0.5237111449241638,1.681300812959671,3.4215247631073,54.98054122924805,44.982608795166016,49.17182540893555,76.52769470214844,4.486104965209961,39.009422302246094,6.22829532623291,1.0,0.5236651301383972,1.759545892477036,3.484265089035034,55.069000244140625,45.007999420166016,49.27799987792969,76.67799377441406,4.562000274658203,39.073001861572266,6.331998825073242,0.9783052206039429,3.4524085521698,1.0,0.34789136052131653,0.0010232098866254091,0.0020363519317470494,0.003315429203212261,0.2024649977684021,0.20997899770736694,0.39035600423812866,0.18817999958992004,0.037845999002456665,-0.005150999873876572,0.005659999791532755,0.06212899088859558,0.22912700474262238,0.22937199473381042,0.07200002670288086,3.1389999389648438,3.0829999446868896,0.04000000283122063,-0.007000000216066837,-0.012000000104308128,0.018000125885009766,-2.8359999656677246,-2.8380000591278076,1.0,13.272850036621094,15.473822593688965,17.791847229003906,12.438821792602539,4.448858261108398,17.04193115234375,0.7835773229598999,2.9219493865966797,791.94384765625,3842.0,2.1554431915283203,2.8597679138183594,4.053015232086182,1.9852709770202637,1.6762351989746094,2.6153759956359863,0.012062839232385159,0.047959934920072556,1.477237343788147,2.9477503299713135,5.457606792449951,41.96345901489258,45.52040481567383,46.537940979003906,41.917755126953125,36.8967170715332,46.53457260131836,0.06149967759847641,0.08791088312864304,2.7471747398376465,3.9969797134399414,6.270727634429932,124.89149475097656,5.471429547314431,97.62484741210938,14.750311890746215
card_bounce_hengxiang,20,/media/chenshuai/EXTERNAL_USB/pih_dataset/260629_v8j_card/peg_in_hole_0629/bounce_hengxiang/episode_20.hdf5,378,18.9,1.0,30.167219161987305,0.4664406478404999,1.3754020929336541,2.573981761932373,51.660335540771484,45.057716369628906,42.84125518798828,77.15328216552734,4.301376819610596,39.45623779296875,9.919734954833984,1.0,0.4681223928928375,1.4241005420684814,2.817873001098633,52.064998626708984,45.16400146484375,43.21099853515625,77.38199615478516,4.329999923706055,39.60400390625,10.016999244689941,0.8861544728279114,2.7829624891281117,1.0,0.3676608204841614,0.0009752276237122715,0.001874634460546076,0.002984218532219529,0.19991792738437653,0.21111999452114105,0.39043399691581726,0.19052700698375702,0.03613699972629547,-0.005096999928355217,-0.005582000128924847,0.06509999930858612,0.2290620058774948,0.23109500110149384,0.0709998607635498,3.140000104904175,3.0810000896453857,0.03799999877810478,-0.006000000052154064,-0.008999999612569809,0.018999814987182617,-2.8359999656677246,-2.8469998836517334,1.0,13.514639854431152,15.617175817489622,17.912273406982422,12.327291488647461,2.740377426147461,17.301151275634766,0.33748453855514526,1.9209598302841187,663.6885986328125,4513.0,2.253924608230591,3.14890282154083,5.763145923614502,2.0260965824127197,1.7215081453323364,3.3535537719726562,0.011665026657283306,0.055535100400447845,1.4589893817901611,2.803942382335663,5.297184944152832,39.44486618041992,43.68240795135498,44.58433532714844,39.38539123535156,36.97978973388672,44.56930923461914,0.054977383464574814,0.0713113397359848,2.655864715576172,3.926859319210052,5.699240684509277,125.41546630859375,5.942649629655493,96.26321665445964,16.062714985088974
card_bounce_hengxiang,22,/media/chenshuai/EXTERNAL_USB/pih_dataset/260629_v8j_card/peg_in_hole_0629/bounce_hengxiang/episode_22.hdf5,414,20.7,1.0,30.00126075744629,0.3684997260570526,0.8273419499397269,1.6856625080108643,31.051843643188477,42.79575729370117,19.84654998779297,75.76559448242188,6.328488349914551,39.880828857421875,12.385726928710938,1.0,0.3691132962703705,0.8599183797836302,1.5688589811325073,30.994998931884766,42.858001708984375,19.881999969482422,76.21499633789062,6.4110002517700195,40.20600128173828,12.504999160766602,0.701917290687561,1.7466081440448757,1.0,0.3673277199268341,0.0008894133497960865,0.0017712431726977227,0.0029716184362769127,0.18965648114681244,0.20486100018024445,0.3901430070400238,0.20064400136470795,0.040157996118068695,-0.00494900019839406,-0.00874600000679493,0.07007600367069244,0.22900299727916718,0.2357330024242401,0.10299992561340332,3.140000104904175,3.0439999103546143,0.03099999949336052,-0.007000000216066837,-0.012000000104308128,0.03500008583068848,-2.8369998931884766,-2.8350000381469727,1.0,13.581276893615723,17.053361320495597,22.593515396118164,11.976762771606445,-4.387692928314209,17.67775535583496,0.5749724507331848,3.618429183959961,691.2366943359375,4059.0,2.362407922744751,3.1010113954544063,9.158970832824707,2.0756869316101074,1.7144930362701416,4.835806369781494,0.014214255847036839,0.08723378926515579,1.6370298862457275,3.212800085544586,6.989879131317139,37.76774978637695,44.40076885223388,45.97017288208008,37.71739196777344,34.38341522216797,45.81266784667969,0.05215579271316528,0.08589798957109451,2.70371675491333,3.970374608039856,7.658798694610596,124.36329650878906,5.850891476153217,97.85198974609375,14.611207881978208
card_bounce_jiaozhun,20,/media/chenshuai/EXTERNAL_USB/pih_dataset/260629_v8j_card/peg_in_hole_0629/bounce_jiaozhun/episode_20.hdf5,508,25.4,1.0,29.10053825378418,0.3059435486793518,0.6592660903930662,1.345487356185913,24.555957794189453,46.841487884521484,25.4218692779541,76.98745727539062,1.6144579648971558,38.47029113769531,13.010465621948242,1.0,0.30477267503738403,0.6658944070339202,1.3906426429748535,23.922000885009766,46.8120002746582,24.79199981689453,77.11599731445312,1.6109999418258667,38.572998046875,13.232000350952148,0.5731872916221619,1.224591141939163,1.0,0.3849477767944336,0.0007592658512294292,0.0014373062993399798,0.0024745662230998278,0.19108989834785461,0.22159400582313538,0.39032500982284546,0.200982004404068,0.036809999495744705,-0.005206999834626913,0.020413000136613846,0.06641998887062073,0.22918500006198883,0.23204700648784637,0.023999929428100586,3.1389999389648438,3.130000114440918,0.039000000804662704,-0.007000000216066837,-0.00800000037997961,0.023000001907348633,-2.8369998931884766,-2.8570001125335693,1.0,15.007429122924805,18.92426815032959,21.73365592956543,12.279539108276367,3.6674137115478516,15.869855880737305,0.8004665970802307,2.6426665782928467,695.1976928710938,3625.0,1.2315205335617065,1.5767533183097837,3.7838075160980225,0.9976493716239929,0.5759937763214111,2.9905595779418945,0.010814620181918144,0.04021550342440605,1.4870978593826294,2.7541435599327095,4.938484191894531,115.47167205810547,118.35996894836425,118.8028564453125,115.46431732177734,109.5495834350586,118.78162384033203,0.055862922221422195,0.08916889876127243,2.7536520957946777,3.7989966273307805,5.4616923332214355,124.10095469156902,5.1190852028804565,94.51707204182942,20.364431911009632
card_bounce_jiaozhun,21,/media/chenshuai/EXTERNAL_USB/pih_dataset/260629_v8j_card/peg_in_hole_0629/bounce_jiaozhun/episode_21.hdf5,486,24.3,1.0,29.58429718017578,0.33190903067588806,0.833279240131378,2.2269227504730225,41.28026580810547,46.2371711730957,35.93378829956055,74.84293365478516,3.376110315322876,38.21880340576172,7.140256881713867,1.0,0.33181655406951904,0.8093734502792349,2.282029151916504,41.345001220703125,46.31999969482422,36.00200271606445,75.02200317382812,3.4559998512268066,38.294002532958984,7.272998809814453,0.6172088384628296,1.7164234817028046,1.0,0.3662378787994385,0.0007551296730525792,0.0014078134903684253,0.002042264211922884,0.19694848358631134,0.21187500655651093,0.39036500453948975,0.19386500120162964,0.04194900020956993,-0.005187999922782183,0.007954999804496765,0.06278900802135468,0.22906099259853363,0.22713300585746765,0.04999995231628418,3.1389999389648438,3.0959999561309814,0.03799999877810478,-0.006000000052154064,0.0010000000474974513,0.018000125885009766,-2.8369998931884766,-2.8529999256134033,1.0,13.845318794250488,15.431122303009033,18.926912307739258,12.574447631835938,-3.6009316444396973,18.44390869140625,0.34827959537506104,1.8989369869232178,661.6190185546875,4027.0,1.2194774150848389,1.808502584695816,2.7910959720611572,1.0336687564849854,0.8542894124984741,2.029956579208374,0.009899863041937351,0.033602721989154816,1.4609075784683228,2.596809506416321,4.47165060043335,118.67876434326172,124.39081382751465,125.04727935791016,118.67005157470703,116.56502532958984,125.04267883300781,0.06400498747825623,0.08076786249876022,2.8198413848876953,3.7376009225845337,5.009109020233154,123.9043451944987,5.033854420802251,93.36617533365886,20.86381585842091
card_bounce_jiaozhun,22,/media/chenshuai/EXTERNAL_USB/pih_dataset/260629_v8j_card/peg_in_hole_0629/bounce_jiaozhun/episode_22.hdf5,539,26.95,1.0,29.460603713989258,0.29089444875717163,0.7245894432067868,1.4120092391967773,29.214126586914062,44.447330474853516,21.279518127441406,73.35067749023438,2.3980202674865723,39.26924133300781,7.802547454833984,1.0,0.2915303111076355,0.7481058478355407,1.451441764831543,29.5,44.531002044677734,21.533998489379883,73.33599853515625,2.373000144958496,39.250003814697266,7.918000221252441,0.5549219846725464,1.4336011648178089,1.0,0.37912729382514954,0.0007046975661069155,0.0014665491122286766,0.002560123335570097,0.18372267484664917,0.20315098762512207,0.3903369903564453,0.2067430019378662,0.038465000689029694,-0.00519599998369813,-0.007304000202566385,0.06993100047111511,0.22919799387454987,0.2357420027256012,0.03900003433227539,3.140000104904175,3.1070001125335693,0.041999999433755875,-0.006000000052154064,-0.0010000000474974513,0.01699995994567871,-2.8369998931884766,-2.8489999771118164,1.0,14.789555549621582,18.58540287017822,20.548885345458984,12.239856719970703,0.48967844247817993,15.84426498413086,0.7139655351638794,3.02681040763855,685.5271606445312,3828.0,1.3484524488449097,2.202460956573486,3.7871901988983154,1.1000158786773682,0.6217105984687805,2.8413360118865967,0.012493815273046494,0.045260217040777206,1.640434741973877,3.2730519294738767,6.81175422668457,115.74481201171875,118.06009216308594,119.05389404296875,115.73612976074219,108.96694946289062,119.03260040283203,0.058342453092336655,0.09142888337373734,2.8679425716400146,3.9724102735519407,6.847074508666992,124.17736053466797,5.136686187588504,92.2176628112793,20.237664215804905
card_bounce_jiaozhun,23,/media/chenshuai/EXTERNAL_USB/pih_dataset/260629_v8j_card/peg_in_hole_0629/bounce_jiaozhun/episode_23.hdf5,495,24.75,1.0,29.62021255493164,0.3518223464488983,0.9596920281648635,2.927568197250366,40.808128356933594,45.86450958251953,37.7520866394043,75.95526885986328,2.6531994342803955,39.99456024169922,7.615298271179199,1.0,0.3545280694961548,0.9562959492206573,3.157299518585205,41.347999572753906,45.97200012207031,38.28199768066406,76.23699951171875,2.6419999599456787,40.25299835205078,8.11199951171875,0.6773988604545593,1.9549336671829207,1.0,0.3544946014881134,0.0007176004000939429,0.0012246037425938992,0.001927406876347959,0.2018774002790451,0.21036599576473236,0.3903430104255676,0.18935799598693848,0.036371998488903046,-0.005565000232309103,0.011653999797999859,0.06456699967384338,0.2292580008506775,0.2213200032711029,6.2820000648498535,3.140000104904175,3.11299991607666,0.028999999165534973,-0.007000000216066837,-0.01899999938905239,0.017999887466430664,-2.8380000591278076,-2.8480000495910645,1.0,13.229082107543945,15.386093807220456,17.512718200683594,11.970919609069824,-3.6760597229003906,16.365028381347656,0.31065019965171814,1.7788790464401245,648.80517578125,3700.0,1.1819489002227783,1.510147607326507,2.363623857498169,1.0079156160354614,0.6802809834480286,1.8138980865478516,0.00914296880364418,0.030936120077967644,1.430749773979187,2.359292936325073,4.8350958824157715,117.77783966064453,120.2978401184082,120.89328002929688,117.77033996582031,112.5840072631836,120.88691711425781,0.05965493246912956,0.06933804601430893,2.7848639488220215,3.6950018644332885,5.14411735534668,124.33549245198567,4.818906995538021,97.37018076578777,15.203351791231968
card_bounce_jiaozhun,24,/media/chenshuai/EXTERNAL_USB/pih_dataset/260629_v8j_card/peg_in_hole_0629/bounce_jiaozhun/episode_24.hdf5,453,22.65,1.0,29.556686401367188,0.34771668910980225,0.8760933250188826,1.5749502182006836,32.34114456176758,45.982547760009766,28.070354461669922,76.00131225585938,2.592757225036621,39.017704010009766,6.5824384689331055,1.0,0.3457546532154083,0.8715003967285155,1.407273530960083,32.28200149536133,46.058998107910156,28.045000076293945,76.3290023803711,2.618000030517578,39.33200454711914,6.960000038146973,0.6449704766273499,1.6581414222717274,1.0,0.37453144788742065,0.0008286093943752348,0.0016921448055654761,0.002475133165717125,0.19236642122268677,0.21236300468444824,0.3904629945755005,0.19839300215244293,0.033268000930547714,-0.005071999970823526,0.004920000210404396,0.06665600836277008,0.22904300689697266,0.23280000686645508,0.040000200271606445,3.140000104904175,3.1059999465942383,0.03500000014901161,-0.006000000052154064,-0.012000000104308128,0.031000137329101562,-2.8369998931884766,-2.864000082015991,1.0,15.865053176879883,21.71850700378418,23.540550231933594,11.79212474822998,-0.3244805634021759,15.398554801940918,1.1284816265106201,3.533644676208496,693.0829467773438,3793.0,1.3294332027435303,1.9996403217315668,3.8342862129211426,0.9534080028533936,0.4776172339916229,1.6287537813186646,0.013307908549904823,0.041624948382377625,1.5928049087524414,3.1634908676147466,4.786902904510498,115.32255554199219,119.51849517822265,120.2263412475586,115.31620788574219,107.25482940673828,120.21851348876953,0.05688028037548065,0.06643562018871307,2.772873878479004,3.871785736083985,5.3465094566345215,124.6848627726237,5.341400574704645,94.61063130696614,19.334726532326794
card_bounce_jiaozhun,25,/media/chenshuai/EXTERNAL_USB/pih_dataset/260629_v8j_card/peg_in_hole_0629/bounce_jiaozhun/episode_25.hdf5,451,22.55,1.0,29.272722244262695,0.29595303535461426,0.5942254811525335,0.9583095908164978,18.07872772216797,41.47321319580078,13.25417423248291,73.78141784667969,3.9999308586120605,39.59123992919922,6.54142951965332,1.0,0.29676446318626404,0.5891736298799514,0.9845457673072815,18.125999450683594,41.534000396728516,13.303998947143555,73.95999908447266,4.010000228881836,39.724998474121094,6.640000343322754,0.5421485900878906,1.140406608581543,1.0,0.3459480404853821,0.0007687734323553741,0.001674827828537671,0.0022616374772042036,0.17544811964035034,0.19720199704170227,0.3903540074825287,0.2152310013771057,0.033952001482248306,-0.005260000005364418,0.005119999870657921,0.06520000100135803,0.22920900583267212,0.23170499503612518,0.06100010871887207,3.140000104904175,3.0929999351501465,0.030000001192092896,-0.006000000052154064,0.003000000026077032,0.037000179290771484,-2.8369998931884766,-2.86299991607666,1.0,13.2540922164917,15.082720279693604,15.885042190551758,12.635324478149414,1.97011399269104,15.402311325073242,0.48521125316619873,1.8487727642059326,750.9806518554688,4105.0,1.1376876831054688,1.4353917241096497,1.8527638912200928,0.9957096576690674,0.6773930788040161,1.3176295757293701,0.008584156632423401,0.023648571223020554,1.3379861116409302,2.268929958343506,3.536816120147705,121.95948028564453,125.89574432373047,126.65626525878906,121.9529800415039,117.12600708007812,126.65215301513672,0.07054648548364639,0.08943018317222595,2.7642321586608887,3.6869713068008423,4.806314468383789,124.72672780354817,4.626743942053451,94.20664469401042,17.998624238075948
card_bounce_jiaozhun,26,/media/chenshuai/EXTERNAL_USB/pih_dataset/260629_v8j_card/peg_in_hole_0629/bounce_jiaozhun/episode_26.hdf5,422,21.1,1.0,29.354202270507812,0.37163394689559937,1.0204744338989258,2.1900081634521484,36.18274688720703,44.816978454589844,33.867279052734375,76.1386489868164,2.123124599456787,40.0281867980957,6.957808494567871,1.0,0.372513085603714,1.0698622465133667,2.1205899715423584,36.34199905395508,44.90399932861328,34.01599884033203,76.3550033569336,2.0360000133514404,40.11099624633789,7.109999656677246,0.7023529410362244,2.2892933607101438,1.0,0.34601593017578125,0.0008218905422836542,0.0015743192052468657,0.0022119914647191763,0.1948997527360916,0.20799699425697327,0.3903389871120453,0.19606100022792816,0.031307000666856766,-0.00559200020506978,0.00926200021058321,0.06307300925254822,0.22918200492858887,0.22456300258636475,0.032000064849853516,3.140000104904175,3.117000102996826,0.03999999910593033,-0.007000000216066837,0.012000000104308128,0.01900005340576172,-2.8369998931884766,-2.8450000286102295,1.0,13.191227912902832,15.300479698181153,16.217506408691406,12.083882331848145,1.3923404216766357,15.136517524719238,0.2749568521976471,1.0000677108764648,657.2291870117188,4159.0,1.1921173334121704,1.7422650516033171,4.678073883056641,1.009822130203247,0.7346205711364746,2.4323675632476807,0.009603857062757015,0.04732079803943634,1.3984315395355225,2.3755162000656123,4.654784679412842,118.64751434326172,121.09916877746582,122.24162292480469,118.640380859375,115.08059692382812,122.24012756347656,0.061611805111169815,0.07189012318849564,2.7696802616119385,3.6829367518424987,6.223740577697754,124.17125956217448,5.012908366972928,94.57444254557292,19.56532166501866
card_bounce_jiaozhun,27,/media/chenshuai/EXTERNAL_USB/pih_dataset/260629_v8j_card/peg_in_hole_0629/bounce_jiaozhun/episode_27.hdf5,503,25.15,1.0,29.408414840698242,0.31807103753089905,0.8216609269380568,2.5754785537719727,35.61102294921875,46.27232360839844,31.5714054107666,76.71649169921875,4.371781349182129,39.430110931396484,9.430429458618164,1.0,0.32138240337371826,0.8027813494205475,2.2516701221466064,36.29499816894531,46.39500045776367,32.13399887084961,76.81900024414062,4.36899995803833,39.53200149536133,9.556999206542969,0.6206573843955994,1.7332861304283134,1.0,0.3620769679546356,0.0007212688797153533,0.0013864347594790161,0.00260544684715569,0.19972555339336395,0.21680200099945068,0.39032700657844543,0.19164399802684784,0.03932000324130058,-0.005107999779284,0.0138330003246665,0.06461399793624878,0.2291399985551834,0.22161699831485748,0.06099987030029297,3.140000104904175,3.0899999141693115,0.04500000178813934,-0.007000000216066837,-0.007000000216066837,0.057000160217285156,-2.8359999656677246,-2.86299991607666,1.0,12.900031089782715,15.232878017425538,17.393993377685547,12.235128402709961,0.9346141815185547,17.02152442932129,0.4728284478187561,1.6902410984039307,716.1726684570312,4170.0,1.3166472911834717,1.8539910316467272,4.4007792472839355,1.179448127746582,0.9060764312744141,3.798552989959717,0.01020739134401083,0.047315072268247604,1.5408695936203003,2.9555617094039928,8.269759178161621,122.48529052734375,126.99189605712891,127.59916687011719,122.47948455810547,118.02598571777344,127.59784698486328,0.07073400169610977,0.08859986066818237,2.8705272674560547,3.994274616241455,8.279853820800781,124.39805094401042,4.998174875136603,95.13085683186848,18.706290327701318
card_bounce_jiaozhun,28,/media/chenshuai/EXTERNAL_USB/pih_dataset/260629_v8j_card/peg_in_hole_0629/bounce_jiaozhun/episode_28.hdf5,468,23.4,1.0,29.825122833251953,0.3209179639816284,0.8013994991779327,1.5517176389694214,33.21337127685547,45.13416290283203,31.243785858154297,76.00010681152344,4.120902061462402,39.121524810791016,4.535513877868652,1.0,0.32052838802337646,0.8447339832782743,1.5464515686035156,33.20500183105469,45.17499923706055,30.983999252319336,76.11900329589844,4.144999980926514,39.204002380371094,4.6399993896484375,0.5951781272888184,1.5376739323139184,1.0,0.34590619802474976,0.0007406984805129468,0.001358344906475395,0.0020981538109481335,0.20149865746498108,0.21505500376224518,0.39041900634765625,0.18987199664115906,0.032538000494241714,-0.00522099994122982,0.013868999667465687,0.06288500130176544,0.2290789932012558,0.2248149961233139,0.0690000057220459,3.140000104904175,3.0840001106262207,0.0279999990016222,-0.006000000052154064,-0.02199999988079071,0.03399991989135742,-2.8380000591278076,-2.8519999980926514,1.0,13.35795783996582,15.542216205596924,17.59044647216797,11.94160270690918,-3.255117893218994,15.83271598815918,0.519182562828064,1.8721110820770264,679.2176513671875,4372.0,1.2137802839279175,1.5706333100795746,2.1714515686035156,1.0602662563323975,0.7995062470436096,1.6751463413238525,0.009200526401400566,0.027528665959835052,1.4784362316131592,2.5087123036384584,4.871062755584717,120.79903411865234,126.32583427429199,126.8275375366211,120.79386901855469,118.03791046142578,126.82640075683594,0.06770443916320801,0.08615154027938843,2.769623041152954,3.751435363292694,5.312682151794434,124.32729593912761,5.186390628930976,96.40006764729817,17.18340309417781
card_bounce_jiaozhun,29,/media/chenshuai/EXTERNAL_USB/pih_dataset/260629_v8j_card/peg_in_hole_0629/bounce_jiaozhun/episode_29.hdf5,455,22.75,1.0,29.405378341674805,0.3309839367866516,0.7847106665372847,1.2448171377182007,18.995834350585938,43.07647705078125,13.640684127807617,74.38870239257812,2.9276440143585205,40.22336196899414,3.3551340103149414,1.0,0.3279103934764862,0.7503282576799389,1.33864164352417,19.22100067138672,43.231998443603516,13.790000915527344,74.61100006103516,2.871000051498413,40.31500244140625,3.6440000534057617,0.6187331080436707,1.4229463100433344,1.0,0.3763245940208435,0.0008289088145829737,0.0018374986015260214,0.003191861091181636,0.16790719330310822,0.20177499949932098,0.3902600109577179,0.222802996635437,0.033051997423172,-0.004993000067770481,-0.0022410000674426556,0.07596899569034576,0.22965499758720398,0.24163000285625458,0.04999995231628418,3.140000104904175,3.132999897003174,0.04399999976158142,-0.004999999888241291,-0.04600000008940697,0.04900002479553223,-2.8359999656677246,-2.865000009536743,1.0,13.322413444519043,15.322676181793211,16.37259292602539,12.415966987609863,-6.806468963623047,15.556848526000977,0.2759162485599518,1.4708315134048462,665.2094116210938,3848.0,1.1755008697509766,1.4214196801185608,1.926914095878601,1.039952039718628,0.8267832398414612,1.3716745376586914,0.008139682933688164,0.02513132430613041,1.3764129877090454,2.3067800998687744,4.280885219573975,119.89910125732422,124.18777542114258,125.114501953125,119.89346313476562,117.56036376953125,125.1134033203125,0.06362400949001312,0.07964733242988586,2.7513513565063477,3.590797042846679,4.757233142852783,125.692138671875,5.799563242839335,94.88064829508464,16.026269085959765
card_bounce_jiaozhun,30,/media/chenshuai/EXTERNAL_USB/pih_dataset/260629_v8j_card/peg_in_hole_0629/bounce_jiaozhun/episode_30.hdf5,492,24.6,1.0,30.243392944335938,0.34965214133262634,0.8151476979255676,1.8458410501480103,35.541229248046875,46.73186492919922,34.300472259521484,78.3586196899414,4.449542045593262,40.77529525756836,5.322392463684082,1.0,0.3506644368171692,0.8358754813671112,1.9126737117767334,36.034000396728516,46.8650016784668,34.750999450683594,78.45100402832031,4.511000156402588,40.83100128173828,5.5329999923706055,0.6704664826393127,1.6583878636360163,1.0,0.3740168511867523,0.0007617450901307166,0.001383069611620158,0.001906048972159624,0.19499358534812927,0.21940599381923676,0.39035001397132874,0.19657599925994873,0.0318170003592968,-0.0054270001128315926,0.015925999730825424,0.06813199818134308,0.22921200096607208,0.23347599804401398,0.06700015068054199,3.140000104904175,3.0910000801086426,0.023000000044703484,-0.006000000052154064,-0.010999999940395355,0.026000022888183594,-2.8380000591278076,-2.8399999141693115,1.0,13.373208999633789,16.209296894073486,17.766918182373047,11.261691093444824,-4.2076497077941895,15.776984214782715,0.5118986368179321,2.5270326137542725,654.5984497070312,3752.0,1.260352373123169,1.9192666888237,2.872561454772949,1.047139286994934,0.7293882369995117,1.7436262369155884,0.011353286914527416,0.036976199597120285,1.5685994625091553,2.886484503746029,5.908566474914551,118.49101257324219,121.07803649902344,121.49195098876953,118.48529052734375,114.18450927734375,121.4891357421875,0.060660239309072495,0.0709628015756607,2.831209421157837,3.854206097126007,5.906847953796387,123.87210845947266,4.979623632561931,97.53146362304688,17.395836013447873
card_bounce_jiaozhun,31,/media/chenshuai/EXTERNAL_USB/pih_dataset/260629_v8j_card/peg_in_hole_0629/bounce_jiaozhun/episode_31.hdf5,478,23.9,1.0,29.85315704345703,0.410453200340271,1.211415123939514,4.654305934906006,49.512420654296875,47.44105529785156,50.3395881652832,76.39442443847656,2.258822441101074,38.52571487426758,9.673271179199219,1.0,0.41299137473106384,1.2033766508102415,4.922974109649658,49.75,47.51700210571289,50.59000015258789,76.58099365234375,2.232999801635742,38.65599822998047,9.933000564575195,0.7996624708175659,2.803406918048857,1.0,0.36205387115478516,0.0007590227760374546,0.0013393917819485065,0.0026809328701347113,0.20997872948646545,0.2198440134525299,0.3903450071811676,0.18232400715351105,0.03581400215625763,-0.005156999919563532,0.0222609993070364,0.06297598779201508,0.22913900017738342,0.2209790050983429,0.031999826431274414,3.1389999389648438,3.11299991607666,0.04100000113248825,-0.006000000052154064,-0.027000000700354576,0.026000022888183594,-2.8369998931884766,-2.8450000286102295,1.0,13.780014038085938,15.76322078704834,21.872583389282227,12.548925399780273,5.207089424133301,20.464824676513672,0.33759310841560364,1.7915936708450317,652.18408203125,4285.0,1.3674290180206299,1.8092858135700225,5.630413055419922,1.1923401355743408,0.7218446731567383,4.296105861663818,0.010876772925257683,0.05897506698966026,1.5863370895385742,2.9348698735237124,6.881404399871826,117.1762466430664,118.86534614562989,120.56504821777344,117.17005920410156,113.03639221191406,120.50995635986328,0.058581992983818054,0.10715450346469879,2.85530686378479,3.9631813764572144,7.319418907165527,123.65818277994792,4.797078116147391,93.1243527730306,21.626029717284553
card_bounce_jiaozhun,32,/media/chenshuai/EXTERNAL_USB/pih_dataset/260629_v8j_card/peg_in_hole_0629/bounce_jiaozhun/episode_32.hdf5,474,23.7,1.0,29.908479690551758,0.40955013036727905,1.0938313722610467,4.555911540985107,54.85004806518555,47.433570861816406,50.12223815917969,76.8214111328125,2.3123459815979004,40.57905197143555,4.5864105224609375,1.0,0.4133213460445404,1.0771097421646108,4.068149566650391,56.75600051879883,47.54300308227539,52.13999938964844,77.02299499511719,2.324000120162964,40.74899673461914,4.814999580383301,0.8049027323722839,2.3996722459793087,1.0,0.3824673295021057,0.0008085989975370467,0.0014564948622137306,0.0026051998138427734,0.19616597890853882,0.2092290073633194,0.3903779983520508,0.19437900185585022,0.03625499829649925,-0.005115999840199947,0.002879000036045909,0.06319700181484222,0.2291100025177002,0.22785800695419312,0.03500008583068848,3.140000104904175,3.121000051498413,0.04600000008940697,-0.006000000052154064,0.017000000923871994,0.04200005531311035,-2.8359999656677246,-2.8550000190734863,1.0,13.598769187927246,15.756812143325805,20.492008209228516,12.376004219055176,-1.5880204439163208,20.098045349121094,0.34257203340530396,2.0068447589874268,643.2305908203125,3637.0,1.3453110456466675,2.121574878692626,5.636392116546631,1.1311365365982056,0.7336475253105164,4.1374640464782715,0.011440443806350231,0.060915976762771606,1.5772567987442017,2.908519148826599,6.838962078094482,118.29413604736328,119.45114860534667,122.15904235839844,118.28781127929688,115.25634002685547,122.10115051269531,0.06061233580112457,0.11275653541088104,2.8450615406036377,3.9927444219589234,7.322699546813965,123.13641103108723,4.990025163001657,92.3119379679362,21.525701188048224
card_bounce_jiaozhun,33,/media/chenshuai/EXTERNAL_USB/pih_dataset/260629_v8j_card/peg_in_hole_0629/bounce_jiaozhun/episode_33.hdf5,523,26.15,1.0,29.64519691467285,0.3674655258655548,1.0684779465198517,3.129044771194458,40.33073425292969,47.342960357666016,38.840087890625,76.40475463867188,2.9597198963165283,39.939876556396484,9.234036445617676,1.0,0.3678649067878723,1.1140396535396568,3.5361132621765137,40.928001403808594,47.470001220703125,39.37099838256836,76.53400421142578,2.9049999713897705,40.09600067138672,9.24000072479248,0.7258586883544922,2.1560774803161618,1.0,0.4101543724536896,0.0007857363671064377,0.0019341609440743917,0.0030396997462958097,0.19045500457286835,0.21533198654651642,0.3904060125350952,0.2017280012369156,0.037724003195762634,-0.005009999964386225,0.01689399965107441,0.08061300218105316,0.22903400659561157,0.24296000599861145,6.2820000648498535,3.140000104904175,3.115999937057495,0.05300000309944153,-0.007000000216066837,-0.0020000000949949026,0.03099989891052246,-2.8359999656677246,-2.8519999980926514,1.0,13.478784561157227,15.70753707885742,26.67371368408203,12.411935806274414,-5.516089916229248,26.306604385375977,0.35876885056495667,2.031479597091675,687.8847045898438,4699.0,1.4159061908721924,2.39538242816925,5.124722480773926,1.2210966348648071,0.7818400263786316,3.595789909362793,0.011462900787591934,0.05692031607031822,1.6778355836868286,3.388685393333435,6.407062530517578,120.29466247558594,125.09426574707031,126.30712127685547,120.28943634033203,117.52982330322266,126.30176544189453,0.06584258377552032,0.11187301576137543,2.9158451557159424,4.28126769065857,7.143341541290283,122.8792241414388,4.952590145046787,93.0696792602539,22.962518057612673
card_bounce_jiaozhun,34,/media/chenshuai/EXTERNAL_USB/pih_dataset/260629_v8j_card/peg_in_hole_0629/bounce_jiaozhun/episode_34.hdf5,568,28.4,1.0,30.083202362060547,0.2985565960407257,0.878479832410811,1.5428717136383057,39.88725280761719,46.52509307861328,32.28839874267578,73.96977233886719,5.545258522033691,37.153324127197266,8.143929481506348,1.0,0.29917430877685547,0.8389449238777158,1.5912500619888306,40.10099792480469,46.59199905395508,32.486000061035156,74.16799926757812,5.553999900817871,37.2920036315918,8.173999786376953,0.5713931918144226,1.7976097702980025,1.0,0.38583019375801086,0.0006804765434935689,0.0013143535703420627,0.002412942936643958,0.19409702718257904,0.20832200348377228,0.3905029892921448,0.1968879997730255,0.031617000699043274,-0.00508200004696846,-0.0008459999808110297,0.07788199186325073,0.22936899960041046,0.2423669993877411,0.08899998664855957,3.140000104904175,3.058000087738037,0.0430000014603138,-0.004999999888241291,-0.014999999664723873,0.026999950408935547,-2.8359999656677246,-2.8359999656677246,1.0,14.112922668457031,16.958750915527343,18.968486785888672,12.778990745544434,3.098254442214966,15.338190078735352,0.4487529695034027,1.8696715831756592,650.8307495117188,3638.0,1.2860690355300903,1.5542088329792019,4.989660739898682,1.1400563716888428,0.780078649520874,3.6985650062561035,0.008511507883667946,0.052437372505664825,1.6183708906173706,2.95044127702713,6.468559741973877,119.04530334472656,123.56354103088378,124.5997314453125,119.03961181640625,113.6354751586914,124.59644317626953,0.0639747828245163,0.1087484136223793,2.8266587257385254,3.993130922317505,7.118640422821045,124.72562154134114,4.938141476261836,95.1842753092448,19.987601706562057
card_bounce_jiaozhun,35,/media/chenshuai/EXTERNAL_USB/pih_dataset/260629_v8j_card/peg_in_hole_0629/bounce_jiaozhun/episode_35.hdf5,477,23.85,1.0,29.93830680847168,0.4036233723163605,0.7786461412906647,5.436796188354492,52.66559982299805,49.09798049926758,51.317848205566406,75.01152038574219,3.6539793014526367,39.62555694580078,4.552332878112793,1.0,0.4060536324977875,0.8282475620508194,5.340821743011475,54.29199981689453,49.308998107910156,52.89899826049805,75.17300415039062,3.6059999465942383,39.72300338745117,4.73699951171875,0.815923810005188,1.8714916944503779,1.0,0.3737865090370178,0.0007852657581679523,0.0014489252935163677,0.002372825052589178,0.20798102021217346,0.21444599330425262,0.3903430104255676,0.18352900445461273,0.034919001162052155,-0.005171999800950289,0.015544000081717968,0.06424200534820557,0.22922800481319427,0.2218170017004013,0.059999942779541016,3.140000104904175,3.0980000495910645,0.017999999225139618,-0.006000000052154064,-0.017999999225139618,0.03699994087219238,-2.8369998931884766,-2.815999984741211,1.0,13.49544906616211,15.545269012451172,18.324899673461914,12.160416603088379,-8.047741889953613,17.754215240478516,0.3547837436199188,1.5352215766906738,641.8795776367188,4100.0,1.337052822113037,1.6893956184387204,4.033316612243652,1.186060905456543,0.8342060446739197,2.9540510177612305,0.009272655472159386,0.045374251902103424,1.5663701295852661,2.776636791229248,5.573326587677002,118.28763580322266,120.23479461669922,121.36946105957031,118.28069305419922,114.71266174316406,121.33636474609375,0.06292858719825745,0.10143601149320602,2.8230903148651123,3.8733899593353267,6.21659517288208,123.35522715250652,4.735711430093071,93.2863286336263,22.296745396502637
card_bounce_jiaozhun,36,/media/chenshuai/EXTERNAL_USB/pih_dataset/260629_v8j_card/peg_in_hole_0629/bounce_jiaozhun/episode_36.hdf5,499,24.95,1.0,29.45525360107422,0.2995746433734894,0.6617284297943116,1.1953586339950562,26.49180793762207,45.57675552368164,19.86066246032715,73.97846221923828,3.9185032844543457,37.10076141357422,7.763613700866699,1.0,0.299061119556427,0.6599128693342204,1.027246356010437,26.545000076293945,45.53300094604492,19.8489990234375,74.10700225830078,3.9140000343322754,37.14900207519531,7.734001159667969,0.5620294809341431,1.3368937969207755,1.0,0.37399446964263916,0.00075099291279912,0.0014023121970240025,0.0019755130633711815,0.19275011122226715,0.20702199637889862,0.3903470039367676,0.1977519989013672,0.041085999459028244,-0.0048859999515116215,0.002845000009983778,0.06465400755405426,0.22913900017738342,0.22912700474262238,0.06299996376037598,3.140000104904175,3.0880000591278076,0.03799999877810478,-0.007000000216066837,-0.03500000014901161,0.04200005531311035,-2.8350000381469727,-2.8550000190734863,1.0,13.385457992553711,15.497304821014403,17.16371726989746,12.62352466583252,-1.1633310317993164,16.270078659057617,0.515078604221344,1.9099496603012085,704.8396606445312,3769.0,1.323049545288086,1.8532817602157579,4.744342803955078,1.158285140991211,0.8294166326522827,3.365980386734009,0.009673008695244789,0.05320160463452339,1.5241037607192993,2.76788330078125,6.2855329513549805,122.46817779541016,127.0172332763672,127.61356353759766,122.46151733398438,118.01681518554688,127.6120834350586,0.0720582827925682,0.10530536621809006,2.8411896228790283,3.941131043434142,6.798455238342285,124.40306854248047,4.891361198883179,93.42122650146484,20.573830623763175
card_bounce_jiaozhun,37,/media/chenshuai/EXTERNAL_USB/pih_dataset/260629_v8j_card/peg_in_hole_0629/bounce_jiaozhun/episode_37.hdf5,521,26.05,1.0,29.861705780029297,0.3297230303287506,0.9344504415988901,1.801293969154358,39.72199249267578,47.087345123291016,36.249507904052734,74.63665771484375,3.586045503616333,37.87191390991211,6.12081241607666,1.0,0.3322848677635193,0.9867937743663786,1.7468862533569336,39.5880012512207,47.12300109863281,36.01599884033203,74.93499755859375,3.6030001640319824,38.102996826171875,6.242999076843262,0.6365168690681458,2.0932188034057617,1.0,0.39329853653907776,0.0007563433609902859,0.0014031662547495214,0.0021447152830660343,0.1907748579978943,0.2113950103521347,0.39045000076293945,0.20110100507736206,0.03787599876523018,-0.005344000179320574,0.011260000057518482,0.08027499914169312,0.2289379984140396,0.24525700509548187,0.05500006675720215,3.140000104904175,3.0940001010894775,0.03400000184774399,-0.006000000052154064,-0.0020000000949949026,0.042999982833862305,-2.8380000591278076,-2.8380000591278076,1.0,14.898186683654785,18.572490692138672,24.90899658203125,12.309349060058594,1.8293460607528687,18.721826553344727,0.7711647748947144,4.476280212402344,682.4260864257812,4578.0,1.3692238330841064,1.9408597946166992,4.644790172576904,1.0895023345947266,0.3556825816631317,3.386028528213501,0.012544474564492702,0.05356729030609131,1.5840355157852173,3.100774049758911,6.214148998260498,117.34403228759766,119.95752716064453,121.30866241455078,117.33670043945312,109.73285675048828,121.26963806152344,0.0616532526910305,0.10444621741771698,2.8172402381896973,3.9805142879486084,6.4593305587768555,123.92016092936198,5.080618234118808,95.07861582438152,21.0118866085144
card_bounce_jiaozhun,38,/media/chenshuai/EXTERNAL_USB/pih_dataset/260629_v8j_card/peg_in_hole_0629/bounce_jiaozhun/episode_38.hdf5,500,25.0,1.0,29.3968505859375,0.28266534209251404,0.5529538214206695,1.0398882627487183,23.049060821533203,44.014259338378906,16.032127380371094,73.50385284423828,3.6809487342834473,39.83573913574219,6.053728103637695,1.0,0.2830020785331726,0.538376474380493,0.994208574295044,23.100000381469727,44.03799819946289,16.104999542236328,73.63499450683594,3.697000026702881,39.939998626708984,6.057000160217285,0.5318835377693176,1.0615541577339171,1.0,0.35280561447143555,0.000707025290466845,0.001356325624510646,0.002001823391765356,0.19236347079277039,0.20091399550437927,0.39033401012420654,0.19847999513149261,0.03704399988055229,-0.004974000155925751,-0.00021100000594742596,0.06363299489021301,0.22913199663162231,0.2159769982099533,0.06299996376037598,3.1389999389648438,3.0840001106262207,0.024000000208616257,-0.006000000052154064,-0.014000000432133675,0.032000064849853516,-2.8359999656677246,-2.8469998836517334,1.0,13.385878562927246,15.148447418212891,15.602431297302246,12.148324012756348,-2.232700824737549,14.965398788452148,0.2926672399044037,1.1822556257247925,654.0634155273438,4345.0,1.3194960355758667,2.0528348803520187,5.3877763748168945,1.1099636554718018,0.805791437625885,3.8773014545440674,0.011508279480040073,0.05761003494262695,1.5794768333435059,2.9230985164642327,8.046607971191406,118.24174499511719,119.72627906799316,120.28948974609375,118.23422241210938,114.36078643798828,120.28095245361328,0.06085307151079178,0.07846973836421967,2.856032133102417,3.856702375411987,7.890483379364014,122.51398213704427,4.492481582785171,91.79783376057942,21.599755544625165
card_bounce_jiaozhun,39,/media/chenshuai/EXTERNAL_USB/pih_dataset/260629_v8j_card/peg_in_hole_0629/bounce_jiaozhun/episode_39.hdf5,538,26.9,1.0,29.324600219726562,0.26429450511932373,0.5613785982131958,1.0654964447021484,26.38783073425293,44.70561981201172,21.19485092163086,71.88664245605469,3.189983367919922,37.88984680175781,5.559116363525391,1.0,0.2635291814804077,0.5810104727745056,1.0982780456542969,25.822999954223633,44.67599868774414,20.76300048828125,72.23899841308594,3.1999998092651367,38.09600067138672,5.863999366760254,0.49292388558387756,1.0787553489208217,1.0,0.35161998867988586,0.0006547858356498182,0.00121855866163969,0.002379257930442691,0.19483429193496704,0.1982640027999878,0.3902760148048401,0.19584399461746216,0.0366940014064312,-0.0055959997698664665,0.005030000116676092,0.06243699789047241,0.22898200154304504,0.22237299382686615,0.053999900817871094,3.1410000324249268,3.0920000076293945,0.027000000700354576,-0.007000000216066837,-0.020999999716877937,0.023000001907348633,-2.8389999866485596,-2.8440001010894775,1.0,13.74353313446045,15.66638116836548,18.943178176879883,12.505745887756348,-3.903444290161133,14.943077087402344,0.36340969800949097,1.9904011487960815,664.208984375,4142.0,1.3275831937789917,2.0680228233337385,5.193634033203125,1.1302751302719116,0.684614896774292,3.8459928035736084,0.01089548971503973,0.056955330073833466,1.5184613466262817,2.658030700683594,6.584208011627197,118.569091796875,122.81422233581543,123.35716247558594,118.56204986572266,113.12319946289062,123.35269165039062,0.06234851852059364,0.10231093317270279,2.822643756866455,3.831508767604828,6.712568759918213,123.02143859863281,4.693799869764907,92.11497751871745,21.798430452779783
